Timestep,0,1,2,3,4,5,6,7,8,9,10,11,12,13,14,15,16,17,18,19,20,21,22,23,24,25,26,27,28,29,30,31,32,33,34,35,36,37,38,39,40,41,42,43,44,45,46,47,48,49,50,51,52,53,54,55,56,57,58,59,60,61,62,63,64,65,66,67,68,69,70,71,72,73,74,75,76,77,78,79,80,81,82,83,84,85,86,87,88,89,90,91,92,93,94,95,96,97,98,99,100,101,102,103,104,105,106,107,108,109,110,111,112,113,114,115,116,117,118,119,120,121,122,123,124,125,126,127,128,129,130,131,132,133,134,135,136,137,138,139,140,141,142,143,144,145,146,147,148,149,150,151,152,153,154,155,156,157,158,159,160,161,162,163,164,165,166,167,168,169,170,171,172,173,174,175,176,177,178,179,180,181,182,183,184,185,186,187,188,189,190,191,192,193,194,195,196,197,198,199,200,201,202,203,204,205,206,207,208,209,210,211,212,213,214,215,216,217,218,219,220,221,222,223,224,225,226,227,228,229,230,231,232,233,234,235,236,237,238,239,240,241,242,
Agent 0,8449,8448,8447,8446,8445,8444,8443,8442,8441,8440,8439,8438,8437,8436,8435,8434,8433,8432,8431,8430,8429,8428,8427,8426,8425,8424,8423,8422,8421,8420,8419,8418,8417,8416,8415,8414,8413,8412,8411,8410,8409,8408,8407,8406,8013,7973,7933,7893,7853,7066,6673,6633,6593,6553,6513,5726,5725,5785,5797,5809,5821,5833,5845,5336,5296,5256,5216,5176,4505,3996,3956,3916,3876,3836,3165,3164,3224,3236,3248,3260,3272,3284,3344,3356,3368,3380,3392,3404,3403,3463,3475,3487,3499,3511,3523,3583,3595,3607,3595,3583,3523,3524,3525,3848,3888,3928,3968,4008,4865,4853,4841,4829,4817,4805,4745,5184,5224,5264,5304,5344,6085,6524,6564,6604,6644,6684,7425,7413,7401,7389,7377,7365,7305,7860,7900,7940,7980,8020,8645,8633,8621,8609,8597,8585,8525,8513,8501,8489,8477,8465,8405,8406,8407,8408,8409,8410,8411,8412,8413,8414,8415,8416,8417,8418,8419,8420,8421,8422,8423,8424,8425,8426,8427,8428,8429,8430,8431,8432,8433,8434,8435,8436,8437,8438,8439,8440,8441,8442,8443,8444,8445,8446,8447,8448,8449,8449,8449,8449,8449,8449,8449,8449,8449,8449,8449,8449,8449,8449,8449,8449,8449,8449,8449,8449,8449,8449,8449,8449,8449,8449,8449,8449,8449,8449,8449,8449,8449,8449,8449,8449,8449,8449,8449,8449,8449,8449,8449,8449,8449,8449,8449,8449,8449,
Agent 1,12458,12457,12456,12455,12454,12453,12452,12451,12450,12449,12448,12447,12446,12445,12444,12443,12442,12441,12440,12439,12438,12437,12436,12435,12434,12433,12432,12431,12430,12429,12428,12427,12426,12033,11993,11953,11913,11873,11086,11085,10692,10652,10612,10572,10532,9745,9352,9312,9272,9232,9192,8405,8012,7972,7932,7892,7852,7065,6672,6632,6592,6552,6512,5725,5332,5292,5252,5212,5172,4385,3992,3952,3912,3872,3832,3045,2652,2612,2572,2532,2492,1705,1312,1272,1232,1192,1152,365,425,437,449,461,473,461,449,437,425,365,1152,1192,1232,1272,1312,1705,1706,2493,2533,2573,2613,2653,3046,3833,3873,3913,3953,3993,4386,5173,5213,5253,5293,5333,5726,6513,6553,6593,6633,6673,7066,7853,7893,7933,7973,8013,8406,9193,9233,9273,9313,9353,9746,10533,10573,10613,10653,10693,11086,11873,11913,11953,11993,12033,12426,12427,12428,12429,12430,12431,12432,12433,12434,12435,12436,12437,12438,12439,12440,12441,12442,12443,12444,12445,12446,12447,12448,12449,12450,12451,12452,12453,12454,12455,12456,12457,12458,12458,12458,12458,12458,12458,12458,12458,12458,12458,12458,12458,12458,12458,12458,12458,12458,12458,12458,12458,12458,12458,12458,12458,12458,12458,12458,12458,12458,12458,12458,12458,12458,12458,12458,12458,12458,12458,12458,12458,12458,12458,12458,12458,12458,12458,12458,12458,12458,12458,12458,12458,12458,12458,12458,12458,12458,12458,12458,
Agent 2,872,873,874,875,876,877,878,879,880,881,882,883,884,885,886,887,888,889,890,891,892,893,1170,1210,1250,1290,1330,2233,2510,2550,2590,2630,2670,3573,3574,3851,3891,3931,3971,4011,4914,4854,4842,4830,4818,4806,4794,5187,5227,5267,5307,5347,6134,6527,6567,6607,6647,6687,7474,7414,7402,7390,7378,7366,7354,7863,7903,7943,7983,8023,8694,9203,9243,9283,9323,9363,10034,10543,10583,10623,10663,10703,11374,11314,11302,11290,11278,11266,11254,11194,11182,11170,11158,11146,11134,11074,11062,11050,11038,11026,11014,10954,10942,10930,10918,10906,10894,11867,11907,11947,11987,12027,12234,12235,12236,12237,12238,12178,12166,12154,12142,12130,12142,12154,12166,12178,12238,12237,12236,12235,12247,12259,12271,12283,12295,12355,12367,12379,12391,12403,12415,12475,12474,12486,12498,12510,12522,12534,12594,12039,11999,11959,11919,11879,11254,10699,10659,10619,10579,10539,9914,9359,9319,9279,9239,9199,8574,8019,7979,7939,7899,7859,7234,6679,6639,6599,6559,6519,5894,5906,5918,5930,5942,5954,6014,5343,5303,5263,5223,5183,4674,4003,3963,3923,3883,3843,3334,3346,3358,3370,3382,3394,3454,3466,3478,3490,3502,3514,3574,3573,2670,2630,2590,2550,2510,2233,1330,1290,1250,1210,1170,893,892,891,890,889,888,887,886,885,884,883,882,881,880,879,878,877,876,875,874,873,872,
Agent 3,3278,3338,3350,3362,3374,3386,3398,3458,3457,3456,3455,3454,3847,3887,3927,3967,4007,4794,4793,4792,4791,4790,4789,4788,4787,4786,4785,4784,4783,4782,4781,4780,4779,4778,4777,4776,4775,4774,4773,4772,4771,4770,4769,4768,4767,4766,4765,4764,4763,4762,4761,4760,4759,4758,4757,4756,4755,4754,4753,4752,4751,4750,4749,4748,4747,4746,4745,5184,5224,5264,5304,5344,6085,6524,6564,6604,6644,6684,7425,7864,7904,7944,7904,7864,7425,7426,7427,7428,7429,7430,7431,7432,7433,7434,7435,7436,7437,7438,7439,7440,7441,7442,7443,7444,7445,7446,7447,7448,7449,7450,7451,7452,7453,7454,7455,7456,7457,7458,7459,7460,7461,7462,7463,7464,7465,7466,7467,7468,7469,7470,7471,7472,7473,6686,6646,6606,6566,6526,6133,6134,5347,5307,5267,5227,5187,4794,4007,3967,3927,3887,3847,3454,3394,3382,3370,3358,3346,3334,3335,3336,3337,3338,3278,3278,3278,3278,3278,3278,3278,3278,3278,3278,3278,3278,3278,3278,3278,3278,3278,3278,3278,3278,3278,3278,3278,3278,3278,3278,3278,3278,3278,3278,3278,3278,3278,3278,3278,3278,3278,3278,3278,3278,3278,3278,3278,3278,3278,3278,3278,3278,3278,3278,3278,3278,3278,3278,3278,3278,3278,3278,3278,3278,3278,3278,3278,3278,3278,3278,3278,3278,3278,3278,3278,3278,3278,3278,3278,3278,3278,3278,3278,3278,3278,
Agent 4,6109,6108,6107,6106,6105,6104,6103,6102,6101,6100,6099,6098,6097,6096,6095,6094,6093,6092,6091,6090,6089,6088,6087,6086,6085,6145,6157,6169,6181,6193,6205,6204,6203,6263,6275,6287,6299,6311,6323,6311,6299,6287,6275,6263,6203,6204,6192,6180,6168,6156,6144,6084,6085,6086,6087,6088,6089,6090,6091,6092,6093,6094,6095,6096,6097,6098,6099,6100,6101,6102,6103,6104,6105,6106,6107,6108,6109,6109,6109,6109,6109,6109,6109,6109,6109,6109,6109,6109,6109,6109,6109,6109,6109,6109,6109,6109,6109,6109,6109,6109,6109,6109,6109,6109,6109,6109,6109,6109,6109,6109,6109,6109,6109,6109,6109,6109,6109,6109,6109,6109,6109,6109,6109,6109,6109,6109,6109,6109,6109,6109,6109,6109,6109,6109,6109,6109,6109,6109,6109,6109,6109,6109,6109,6109,6109,6109,6109,6109,6109,6109,6109,6109,6109,6109,6109,6109,6109,6109,6109,6109,6109,6109,6109,6109,6109,6109,6109,6109,6109,6109,6109,6109,6109,6109,6109,6109,6109,6109,6109,6109,6109,6109,6109,6109,6109,6109,6109,6109,6109,6109,6109,6109,6109,6109,6109,6109,6109,6109,6109,6109,6109,6109,6109,6109,6109,6109,6109,6109,6109,6109,6109,6109,6109,6109,6109,6109,6109,6109,6109,6109,6109,6109,6109,6109,6109,6109,6109,6109,6109,6109,6109,6109,6109,6109,6109,6109,6109,6109,6109,6109,6109,6109,6109,
Agent 5,11765,11753,11741,11681,11682,11683,11671,11659,11647,11635,11623,11563,11551,11539,11527,11515,11503,11443,11431,11419,11407,11395,11383,11323,11324,11325,11326,10701,10661,10621,10581,10541,9986,9361,9321,9281,9241,9201,8646,8647,8648,8649,8650,8651,8652,8653,8654,8655,8656,8657,8658,8659,8660,8661,8662,8663,8664,8665,8666,8667,8668,8669,8670,8671,8672,8673,8674,8675,8676,8677,8678,8679,8680,8681,8682,8683,8684,8685,8686,8687,8688,8689,8690,8691,8692,8693,8694,8023,7983,7943,7903,7863,7354,6683,6643,6603,6563,6523,6014,5343,5303,5263,5223,5183,4674,4003,3963,3923,3883,3843,3334,3335,3336,3276,3264,3252,3240,3252,3264,3276,3336,3335,3334,3843,3883,3923,3963,4003,4674,5183,5223,5263,5303,5343,6014,6523,6563,6603,6643,6683,7354,7353,7352,7351,7350,7349,7348,7347,7346,7345,7344,7343,7342,7341,7340,7339,7338,7337,7336,7335,7334,7333,7332,7331,7330,7329,7328,7327,7326,7325,7324,7323,7322,7321,7320,7319,7318,7317,7316,7315,7314,7313,7312,7311,7310,7309,7308,7307,7306,7861,7901,7941,7981,8021,8646,8645,8705,8717,8729,8741,8753,8765,8825,8837,8849,8861,8873,8885,8945,8957,8969,8981,8993,9005,9212,9252,9292,9332,9372,10345,10552,10592,10632,10672,10712,11685,11684,11683,11682,11681,11741,11753,11765,11765,11765,11765,11765,11765,11765,11765,11765,11765,11765,
Agent 6,6242,6243,6244,6245,6246,6247,6248,6249,6250,6251,6252,6253,6254,6194,6182,6170,6158,6146,6134,6074,6062,6050,6038,6026,6014,5343,5303,5263,5223,5183,4674,4614,4602,4590,4578,4566,4554,3999,3959,3919,3879,3839,3214,3154,3142,3130,3118,3106,3094,3095,3035,3023,3011,2999,2987,2975,2976,2916,2904,2892,2904,2916,2976,2975,2987,2999,3011,3023,3035,3095,3107,3119,3131,3143,3155,3215,3214,3839,3879,3919,3959,3999,4554,4566,4578,4590,4602,4614,4674,4686,4698,4710,4722,4734,4794,5187,5227,5267,5307,5347,6134,6146,6158,6170,6182,6194,6254,6253,6252,6251,6250,6249,6248,6247,6246,6245,6244,6243,6242,6242,6242,6242,6242,6242,6242,6242,6242,6242,6242,6242,6242,6242,6242,6242,6242,6242,6242,6242,6242,6242,6242,6242,6242,6242,6242,6242,6242,6242,6242,6242,6242,6242,6242,6242,6242,6242,6242,6242,6242,6242,6242,6242,6242,6242,6242,6242,6242,6242,6242,6242,6242,6242,6242,6242,6242,6242,6242,6242,6242,6242,6242,6242,6242,6242,6242,6242,6242,6242,6242,6242,6242,6242,6242,6242,6242,6242,6242,6242,6242,6242,6242,6242,6242,6242,6242,6242,6242,6242,6242,6242,6242,6242,6242,6242,6242,6242,6242,6242,6242,6242,6242,6242,6242,6242,6242,6242,6242,6242,6242,6242,6242,6242,6242,6242,6242,6242,6242,6242,6242,6242,6242,6242,6242,
Agent 7,12503,12515,12527,12539,12599,12598,12597,12596,12608,12620,12632,12644,12656,12716,12715,12727,12739,12751,12763,12775,12835,12834,12047,12007,11967,11927,11887,11494,10707,10667,10627,10587,10547,10154,9367,9327,9287,9247,9207,8814,8027,7987,7947,7907,7867,7474,7486,7498,7510,7522,7534,7594,7593,7592,7591,7590,7589,7588,7587,7588,7589,7590,7591,7592,7593,7870,7910,7950,7990,8030,8933,8934,9211,9251,9291,9331,9371,10274,10551,10591,10631,10671,10711,11614,11554,11542,11530,11518,11506,11494,11434,11422,11410,11398,11386,11374,11883,11923,11963,12003,12043,12714,12715,12716,12717,12657,12645,12633,12621,12609,12597,12598,12599,12539,12527,12515,12503,12503,12503,12503,12503,12503,12503,12503,12503,12503,12503,12503,12503,12503,12503,12503,12503,12503,12503,12503,12503,12503,12503,12503,12503,12503,12503,12503,12503,12503,12503,12503,12503,12503,12503,12503,12503,12503,12503,12503,12503,12503,12503,12503,12503,12503,12503,12503,12503,12503,12503,12503,12503,12503,12503,12503,12503,12503,12503,12503,12503,12503,12503,12503,12503,12503,12503,12503,12503,12503,12503,12503,12503,12503,12503,12503,12503,12503,12503,12503,12503,12503,12503,12503,12503,12503,12503,12503,12503,12503,12503,12503,12503,12503,12503,12503,12503,12503,12503,12503,12503,12503,12503,12503,12503,12503,12503,12503,12503,12503,12503,12503,12503,12503,12503,12503,12503,12503,12503,12503,12503,12503,12503,12503,12503,12503,12503,
Agent 8,5329,5289,5249,5209,5169,4266,4265,4325,4337,4349,4361,4373,4385,4445,4457,4469,4481,4493,4505,3996,3956,3916,3876,3836,3165,3225,3237,3249,3261,3273,3285,2660,2620,2580,2540,2500,1945,2005,2017,2029,2041,2053,2065,1324,1284,1244,1204,1164,725,726,727,726,1165,1205,1245,1285,1325,2066,2065,2053,2041,2029,2017,2005,1945,2500,2540,2580,2620,2660,3285,3840,3880,3920,3960,4000,4625,4613,4601,4589,4577,4565,4505,4493,4481,4469,4457,4445,4385,4373,4361,4349,4337,4325,4265,4266,5169,5209,5249,5289,5329,5329,5329,5329,5329,5329,5329,5329,5329,5329,5329,5329,5329,5329,5329,5329,5329,5329,5329,5329,5329,5329,5329,5329,5329,5329,5329,5329,5329,5329,5329,5329,5329,5329,5329,5329,5329,5329,5329,5329,5329,5329,5329,5329,5329,5329,5329,5329,5329,5329,5329,5329,5329,5329,5329,5329,5329,5329,5329,5329,5329,5329,5329,5329,5329,5329,5329,5329,5329,5329,5329,5329,5329,5329,5329,5329,5329,5329,5329,5329,5329,5329,5329,5329,5329,5329,5329,5329,5329,5329,5329,5329,5329,5329,5329,5329,5329,5329,5329,5329,5329,5329,5329,5329,5329,5329,5329,5329,5329,5329,5329,5329,5329,5329,5329,5329,5329,5329,5329,5329,5329,5329,5329,5329,5329,5329,5329,5329,5329,5329,5329,5329,5329,5329,5329,5329,5329,5329,5329,5329,5329,5329,5329,
Agent 9,5812,5824,5836,5896,5908,5920,5932,5944,5956,6016,6015,6014,6026,6038,6050,6062,6074,6134,5347,5307,5267,5227,5187,4794,4007,3967,3927,3887,3847,3454,3466,3478,3490,3502,3514,3574,3586,3598,3610,3622,3634,3694,2675,2635,2595,2555,2515,2354,2366,2378,2390,2402,2414,2474,2473,2472,2471,2470,2469,2468,2467,2466,2465,2464,2463,2462,2461,2460,2459,2458,2457,2456,2455,2454,2453,2452,2451,2450,2449,2448,2447,2446,2445,2444,2443,2442,2441,2440,2441,2442,2443,2444,2445,2446,2447,2448,2449,2450,2451,2452,2453,2454,2455,2456,2457,2458,2459,2460,2461,2462,2463,2464,2465,2466,2467,2468,2469,2470,2471,2472,2473,2518,2558,2598,2638,2678,3813,3858,3898,3938,3978,4018,5153,5154,5094,5082,5070,5058,5046,5034,5195,5235,5275,5315,5355,6374,6314,6302,6290,6278,6266,6254,6255,6195,6183,6171,6159,6147,6135,6136,6076,6064,6052,6040,6028,6016,5956,5944,5932,5920,5908,5896,5836,5824,5812,5812,5812,5812,5812,5812,5812,5812,5812,5812,5812,5812,5812,5812,5812,5812,5812,5812,5812,5812,5812,5812,5812,5812,5812,5812,5812,5812,5812,5812,5812,5812,5812,5812,5812,5812,5812,5812,5812,5812,5812,5812,5812,5812,5812,5812,5812,5812,5812,5812,5812,5812,5812,5812,5812,5812,5812,5812,5812,5812,5812,5812,5812,5812,5812,5812,5812,5812,5812,
Agent 10,10369,10368,10367,10366,10365,10364,10363,10362,10361,10360,10359,10358,10357,10356,10355,10354,10353,10352,10351,10350,10349,10348,10347,10346,10345,9372,9332,9292,9252,9212,9005,8993,8981,8969,8957,8945,8885,8873,8861,8849,8837,8825,8765,8024,7984,7944,7904,7864,7425,6684,6644,6604,6564,6524,6085,5344,5304,5264,5224,5184,4745,4004,3964,3924,3884,3844,3405,2664,2624,2584,2544,2504,2065,1324,1284,1244,1204,1164,725,713,701,689,677,665,605,604,603,591,579,567,555,543,483,471,459,447,435,423,363,351,339,327,315,303,315,327,339,351,363,364,424,436,448,460,472,484,544,556,568,580,592,604,664,676,688,700,712,724,725,1164,1204,1244,1284,1324,2065,2504,2544,2584,2624,2664,3405,3844,3884,3924,3964,4004,4745,5184,5224,5264,5304,5344,6085,6524,6564,6604,6644,6684,7425,7864,7904,7944,7984,8024,8765,9204,9244,9284,9324,9364,10105,10165,10177,10189,10201,10213,10225,10285,10297,10309,10321,10333,10345,10346,10347,10348,10349,10350,10351,10352,10353,10354,10355,10356,10357,10358,10359,10360,10361,10362,10363,10364,10365,10366,10367,10368,10369,10369,10369,10369,10369,10369,10369,10369,10369,10369,10369,10369,10369,10369,10369,10369,10369,10369,10369,10369,10369,10369,10369,10369,10369,10369,10369,10369,10369,10369,10369,10369,10369,10369,10369,10369,10369,
Agent 11,13157,13156,13155,13154,13153,13152,13151,13150,13149,13148,13147,13146,12057,12017,11977,11937,11897,11806,11805,10716,10676,10636,10596,10556,10465,9376,9336,9296,9256,9216,9125,8036,7996,7956,7916,7876,7785,7773,7761,7749,7737,7725,7665,7653,7641,7629,7617,7605,7545,7533,7521,7509,7497,7485,7425,7413,7401,7389,7377,7365,7305,7293,7281,7269,7257,7245,7185,7173,7161,7149,7137,7125,7065,7053,7041,7029,7017,7005,6945,6933,6921,6909,6921,6933,6945,7848,7888,7928,7968,8008,8285,9188,9228,9268,9308,9348,9625,10528,10568,10608,10648,10688,10965,11868,11908,11948,11988,12028,12305,12365,12377,12389,12401,12413,12425,12485,12497,12509,12521,12533,12545,12605,12617,12629,12641,12653,12665,12725,12737,12749,12761,12773,12785,12845,12857,12869,12881,12893,12905,12965,12977,12989,13001,13013,13025,13085,13097,13109,13121,13133,13145,13146,13147,13148,13149,13150,13151,13152,13153,13154,13155,13156,13157,13157,13157,13157,13157,13157,13157,13157,13157,13157,13157,13157,13157,13157,13157,13157,13157,13157,13157,13157,13157,13157,13157,13157,13157,13157,13157,13157,13157,13157,13157,13157,13157,13157,13157,13157,13157,13157,13157,13157,13157,13157,13157,13157,13157,13157,13157,13157,13157,13157,13157,13157,13157,13157,13157,13157,13157,13157,13157,13157,13157,13157,13157,13157,13157,13157,13157,13157,13157,13157,13157,13157,13157,13157,13157,13157,13157,13157,13157,13157,13157,
Agent 12,933,921,909,897,837,825,813,801,789,777,776,716,704,692,680,668,656,596,584,572,560,548,536,476,464,452,440,428,416,415,414,1155,1195,1235,1275,1315,1754,2495,2535,2575,2615,2655,3094,3835,3875,3915,3955,3995,4434,4433,4432,4431,4430,4429,4428,4427,4426,4425,4424,4423,4422,4421,4420,4419,4418,4417,4416,4415,4414,4413,4412,4411,4410,4409,4408,4407,4406,4405,4404,4403,4402,4401,4400,4399,4398,4397,4396,4395,4394,4393,4392,4391,4390,4389,4388,4387,4386,4385,4384,4372,4360,4372,4384,4444,4456,4468,4480,4492,4504,4564,4576,4588,4600,4612,4624,4625,4000,3960,3920,3880,3840,3285,3345,3357,3369,3381,3393,3405,2664,2624,2584,2544,2504,2065,2066,2067,2068,2069,2070,2071,2072,2073,2074,2075,2076,2077,2078,2079,2080,2081,2082,2083,2084,2085,2086,2087,2088,2089,2090,2091,2092,2093,2094,2095,2096,2097,2098,2099,2100,2101,2102,2103,2104,2105,2106,2107,2108,2109,2110,2111,2112,2113,2114,2126,2138,2150,2162,2174,2234,1331,1291,1251,1211,1171,894,895,896,897,909,921,933,933,933,933,933,933,933,933,933,933,933,933,933,933,933,933,933,933,933,933,933,933,933,933,933,933,933,933,933,933,933,933,933,933,933,933,933,933,933,933,933,933,933,
Agent 13,11478,11479,11480,11481,11482,11483,11484,11485,11486,11487,11488,11489,11490,11491,11492,11493,11494,11434,11422,11410,11398,11386,11374,11314,11302,11290,11278,11266,11254,10699,10659,10619,10579,10539,9914,9359,9319,9279,9239,9199,8574,8019,7979,7939,7899,7939,7979,8019,8574,9199,9239,9279,9319,9359,9914,9926,9938,9950,9962,9974,10034,10543,10583,10623,10663,10703,11374,11386,11398,11410,11422,11434,11494,11493,11492,11491,11490,11489,11488,11487,11486,11485,11484,11483,11482,11481,11480,11479,11478,11478,11478,11478,11478,11478,11478,11478,11478,11478,11478,11478,11478,11478,11478,11478,11478,11478,11478,11478,11478,11478,11478,11478,11478,11478,11478,11478,11478,11478,11478,11478,11478,11478,11478,11478,11478,11478,11478,11478,11478,11478,11478,11478,11478,11478,11478,11478,11478,11478,11478,11478,11478,11478,11478,11478,11478,11478,11478,11478,11478,11478,11478,11478,11478,11478,11478,11478,11478,11478,11478,11478,11478,11478,11478,11478,11478,11478,11478,11478,11478,11478,11478,11478,11478,11478,11478,11478,11478,11478,11478,11478,11478,11478,11478,11478,11478,11478,11478,11478,11478,11478,11478,11478,11478,11478,11478,11478,11478,11478,11478,11478,11478,11478,11478,11478,11478,11478,11478,11478,11478,11478,11478,11478,11478,11478,11478,11478,11478,11478,11478,11478,11478,11478,11478,11478,11478,11478,11478,11478,11478,11478,11478,11478,11478,11478,11478,11478,11478,11478,11478,11478,11478,11478,11478,
Agent 14,5335,5295,5255,5215,5175,4434,4446,4458,4470,4482,4494,4554,3999,3959,3919,3879,3839,3214,2659,2619,2579,2539,2499,1874,1886,1898,1910,1922,1934,1994,2006,2018,2030,2042,2054,2114,2126,2138,2150,2162,2174,2234,2233,2232,2231,2230,2229,2228,2227,2226,2225,2224,2223,2222,2221,2220,2219,2218,2217,2216,2217,2218,2219,2220,2221,2222,2223,2224,2225,2226,2227,2228,2229,2230,2231,2232,2233,2234,2511,2551,2591,2631,2671,3574,3514,3502,3490,3478,3466,3454,3394,3382,3370,3358,3346,3334,3274,3262,3250,3238,3226,3214,3839,3879,3919,3959,3999,4554,4494,4482,4470,4458,4446,4434,5175,5215,5255,5295,5335,5335,5335,5335,5335,5335,5335,5335,5335,5335,5335,5335,5335,5335,5335,5335,5335,5335,5335,5335,5335,5335,5335,5335,5335,5335,5335,5335,5335,5335,5335,5335,5335,5335,5335,5335,5335,5335,5335,5335,5335,5335,5335,5335,5335,5335,5335,5335,5335,5335,5335,5335,5335,5335,5335,5335,5335,5335,5335,5335,5335,5335,5335,5335,5335,5335,5335,5335,5335,5335,5335,5335,5335,5335,5335,5335,5335,5335,5335,5335,5335,5335,5335,5335,5335,5335,5335,5335,5335,5335,5335,5335,5335,5335,5335,5335,5335,5335,5335,5335,5335,5335,5335,5335,5335,5335,5335,5335,5335,5335,5335,5335,5335,5335,5335,5335,5335,5335,5335,5335,5335,5335,5335,5335,5335,
Agent 15,7826,7827,7828,7829,7830,7831,7832,7833,6698,6658,6618,6578,6538,6493,6494,6434,6422,6410,6398,6386,6374,6314,6302,6290,6278,6266,6254,6194,6182,6170,6158,6146,6134,6074,6062,6050,6038,6026,6014,5954,5942,5930,5918,5906,5894,5834,5822,5810,5798,5786,5774,5714,5702,5690,5678,5666,5654,5594,5582,5570,5558,5546,5534,5533,5532,5531,5530,5529,5528,5527,5526,5525,5524,5523,5522,5521,5520,5519,5518,5517,5516,5515,5514,5513,5512,5511,5510,5509,5508,5507,5506,5505,5504,5503,5502,5501,5500,5499,5498,5497,5498,5499,5500,5501,5502,5503,5504,5505,5506,5507,5508,5509,5510,5511,5512,5513,5514,5515,5516,5517,5518,5519,5520,5521,5522,5523,5524,5525,5526,5527,5528,5529,5530,5531,5532,5533,5534,5546,5558,5570,5582,5594,5654,5666,5678,5690,5702,5714,5774,6515,6555,6595,6635,6675,7114,7126,7138,7150,7162,7174,7234,7246,7258,7270,7282,7294,7354,7366,7378,7390,7402,7414,7474,7486,7498,7510,7522,7534,7594,7606,7618,7630,7642,7654,7714,7726,7738,7750,7762,7774,7834,7833,7832,7831,7830,7829,7828,7827,7826,7826,7826,7826,7826,7826,7826,7826,7826,7826,7826,7826,7826,7826,7826,7826,7826,7826,7826,7826,7826,7826,7826,7826,7826,7826,7826,7826,7826,7826,7826,7826,7826,7826,7826,7826,7826,7826,7826,7826,7826,7826,7826,7826,7826,
Agent 16,12067,12068,12069,12070,12071,12072,12073,12074,12075,12076,12077,12078,12079,12080,12081,12082,12083,12084,12085,12086,12087,12088,12089,12090,12091,12092,12093,12094,12095,12096,12097,12098,12099,12100,12101,12102,12103,12104,12105,12106,12107,12108,12109,12110,12111,12112,12113,12114,12126,12138,12150,12162,12174,12234,12246,12258,12270,12282,12294,12354,12366,12378,12390,12402,12414,12474,12475,12487,12499,12511,12523,12535,12595,12607,12619,12631,12643,12655,12715,12716,12728,12740,12752,12764,12776,12836,12848,12860,12872,12884,12896,12956,12968,12980,12992,13004,13016,13076,13088,13100,13112,13100,13088,13076,13075,13074,13014,13002,12990,12978,12966,12954,12894,12882,12870,12858,12846,12834,12774,12762,12750,12738,12726,12714,12654,12642,12630,12618,12606,12594,12534,12522,12510,12498,12486,12474,12414,12402,12390,12378,12366,12354,12294,12282,12270,12258,12246,12234,12174,12162,12150,12138,12126,12114,12113,12112,12111,12110,12109,12108,12107,12106,12105,12104,12103,12102,12101,12100,12099,12098,12097,12096,12095,12094,12093,12092,12091,12090,12089,12088,12087,12086,12085,12084,12083,12082,12081,12080,12079,12078,12077,12076,12075,12074,12073,12072,12071,12070,12069,12068,12067,12067,12067,12067,12067,12067,12067,12067,12067,12067,12067,12067,12067,12067,12067,12067,12067,12067,12067,12067,12067,12067,12067,12067,12067,12067,12067,12067,12067,12067,12067,12067,12067,12067,12067,12067,12067,12067,12067,12067,12067,12067,12067,
Agent 17,10833,10845,10905,10917,10929,10941,10953,10965,10966,10967,10968,10969,10970,10971,10972,10973,10974,10975,10976,10977,10978,10979,10980,10981,10982,10983,10984,10985,10986,10987,10988,10989,10990,10991,10992,10993,10994,10995,10996,10997,10998,10999,11000,11001,11002,11003,11004,11005,11006,11007,11008,11009,11010,11011,11012,11013,10690,10650,10610,10650,10690,11013,11012,11011,11010,11009,11008,11007,11006,11005,11004,11003,11002,11001,11000,10999,10998,10997,10996,10995,10994,10993,10992,10991,10990,10989,10988,10987,10986,10985,10984,10983,10982,10981,10980,10979,10978,10977,10976,10975,10974,10973,10972,10971,10970,10969,10968,10967,10966,10965,10953,10941,10929,10917,10905,10845,10833,10833,10833,10833,10833,10833,10833,10833,10833,10833,10833,10833,10833,10833,10833,10833,10833,10833,10833,10833,10833,10833,10833,10833,10833,10833,10833,10833,10833,10833,10833,10833,10833,10833,10833,10833,10833,10833,10833,10833,10833,10833,10833,10833,10833,10833,10833,10833,10833,10833,10833,10833,10833,10833,10833,10833,10833,10833,10833,10833,10833,10833,10833,10833,10833,10833,10833,10833,10833,10833,10833,10833,10833,10833,10833,10833,10833,10833,10833,10833,10833,10833,10833,10833,10833,10833,10833,10833,10833,10833,10833,10833,10833,10833,10833,10833,10833,10833,10833,10833,10833,10833,10833,10833,10833,10833,10833,10833,10833,10833,10833,10833,10833,10833,10833,10833,10833,10833,10833,10833,10833,10833,10833,10833,10833,10833,10833,
Agent 18,349,361,421,433,445,457,469,481,482,483,484,485,486,1157,1197,1237,1277,1317,1826,1827,1828,1829,1830,1831,1832,1833,1834,1835,1836,1837,1838,1839,1840,1841,1842,1843,1844,1845,1846,1847,1848,1849,1850,1851,1852,1853,1854,1855,1856,1857,1858,1859,1860,1861,1862,1863,1864,1865,1866,1867,1868,1869,1870,1871,1872,1873,2498,2538,2578,2618,2658,3213,3214,3839,3879,3919,3959,3999,4554,5179,5219,5259,5299,5339,5894,6519,6559,6599,6639,6679,7234,7859,7899,7939,7979,8019,8574,9199,9239,9279,9319,9359,9914,10539,10579,10539,9914,9359,9319,9279,9239,9199,8574,8019,7979,7939,7899,7859,7234,7174,7162,7150,7138,7126,7114,7113,7112,7111,7110,7109,7108,7107,7106,7105,7104,7103,7102,7101,7100,7099,7098,7097,7096,7095,7094,7093,7092,7091,7090,7089,7088,7087,7086,7085,7084,7083,7082,7081,7080,7079,7078,7077,7076,7075,7074,7073,7072,7071,7070,7069,7068,7067,7066,7065,6672,6632,6592,6552,6512,5725,5332,5292,5252,5212,5172,4385,3992,3952,3912,3872,3832,3045,2652,2612,2572,2532,2492,1705,1312,1272,1232,1192,1152,365,364,363,362,361,349,349,349,349,349,349,349,349,349,349,349,349,349,349,349,349,349,349,349,349,349,349,349,349,349,349,349,349,349,349,349,349,349,349,349,
Agent 19,3621,3609,3597,3585,3525,2668,2628,2588,2548,2508,2185,1328,1288,1248,1208,1168,845,844,832,820,808,796,784,724,723,711,699,687,675,663,603,591,579,591,603,663,675,687,699,711,723,783,795,807,819,831,843,844,845,1168,1208,1248,1288,1328,2185,2508,2548,2588,2628,2668,3525,3585,3597,3609,3621,3621,3621,3621,3621,3621,3621,3621,3621,3621,3621,3621,3621,3621,3621,3621,3621,3621,3621,3621,3621,3621,3621,3621,3621,3621,3621,3621,3621,3621,3621,3621,3621,3621,3621,3621,3621,3621,3621,3621,3621,3621,3621,3621,3621,3621,3621,3621,3621,3621,3621,3621,3621,3621,3621,3621,3621,3621,3621,3621,3621,3621,3621,3621,3621,3621,3621,3621,3621,3621,3621,3621,3621,3621,3621,3621,3621,3621,3621,3621,3621,3621,3621,3621,3621,3621,3621,3621,3621,3621,3621,3621,3621,3621,3621,3621,3621,3621,3621,3621,3621,3621,3621,3621,3621,3621,3621,3621,3621,3621,3621,3621,3621,3621,3621,3621,3621,3621,3621,3621,3621,3621,3621,3621,3621,3621,3621,3621,3621,3621,3621,3621,3621,3621,3621,3621,3621,3621,3621,3621,3621,3621,3621,3621,3621,3621,3621,3621,3621,3621,3621,3621,3621,3621,3621,3621,3621,3621,3621,3621,3621,3621,3621,3621,3621,3621,3621,3621,3621,3621,3621,3621,3621,3621,3621,3621,3621,3621,3621,
