NodeId,X,Y,Z
0,0,0,0
1,1,0,0
2,2,0,0
3,3,0,0
4,4,0,0
5,5,0,0
6,6,0,0
7,7,0,0
8,8,0,0
9,9,0,0
10,10,0,0
11,11,0,0
12,12,0,0
13,13,0,0
14,14,0,0
15,15,0,0
16,16,0,0
17,17,0,0
18,18,0,0
19,19,0,0
20,20,0,0
21,21,0,0
22,22,0,0
23,23,0,0
24,24,0,0
25,25,0,0
26,26,0,0
27,27,0,0
28,28,0,0
29,29,0,0
30,30,0,0
31,31,0,0
32,32,0,0
33,33,0,0
34,34,0,0
35,35,0,0
36,36,0,0
37,37,0,0
38,38,0,0
39,39,0,0
40,40,0,0
41,41,0,0
42,42,0,0
43,43,0,0
44,44,0,0
45,45,0,0
46,46,0,0
47,47,0,0
48,48,0,0
49,49,0,0
50,50,0,0
51,51,0,0
52,52,0,0
53,53,0,0
54,54,0,0
55,55,0,0
56,56,0,0
57,57,0,0
58,58,0,0
59,59,0,0
60,0,1,0
61,1,1,0
62,2,1,0
63,3,1,0
64,4,1,0
65,5,1,0
114,54,1,0
115,55,1,0
116,56,1,0
117,57,1,0
118,58,1,0
119,59,1,0
120,0,2,0
121,1,2,0
122,2,2,0
123,3,2,0
124,4,2,0
125,5,2,0
174,54,2,0
175,55,2,0
176,56,2,0
177,57,2,0
178,58,2,0
179,59,2,0
180,0,3,0
181,1,3,0
182,2,3,0
183,3,3,0
184,4,3,0
185,5,3,0
234,54,3,0
235,55,3,0
236,56,3,0
237,57,3,0
238,58,3,0
239,59,3,0
240,0,4,0
241,1,4,0
242,2,4,0
243,3,4,0
244,4,4,0
245,5,4,0
294,54,4,0
295,55,4,0
296,56,4,0
297,57,4,0
298,58,4,0
299,59,4,0
300,0,5,0
301,1,5,0
302,2,5,0
303,3,5,0
304,4,5,0
305,5,5,0
354,54,5,0
355,55,5,0
356,56,5,0
357,57,5,0
358,58,5,0
359,59,5,0
360,0,6,0
361,1,6,0
362,2,6,0
363,3,6,0
364,4,6,0
365,5,6,0
366,6,6,0
367,7,6,0
368,8,6,0
369,9,6,0
370,10,6,0
371,11,6,0
372,12,6,0
373,13,6,0
374,14,6,0
375,15,6,0
376,16,6,0
377,17,6,0
378,18,6,0
379,19,6,0
380,20,6,0
381,21,6,0
382,22,6,0
383,23,6,0
384,24,6,0
385,25,6,0
386,26,6,0
387,27,6,0
388,28,6,0
389,29,6,0
390,30,6,0
391,31,6,0
392,32,6,0
393,33,6,0
394,34,6,0
395,35,6,0
396,36,6,0
397,37,6,0
398,38,6,0
399,39,6,0
400,40,6,0
401,41,6,0
402,42,6,0
403,43,6,0
404,44,6,0
405,45,6,0
406,46,6,0
407,47,6,0
408,48,6,0
409,49,6,0
410,50,6,0
411,51,6,0
412,52,6,0
413,53,6,0
414,54,6,0
415,55,6,0
416,56,6,0
417,57,6,0
418,58,6,0
419,59,6,0
420,0,7,0
421,1,7,0
422,2,7,0
423,3,7,0
424,4,7,0
425,5,7,0
474,54,7,0
475,55,7,0
476,56,7,0
477,57,7,0
478,58,7,0
479,59,7,0
480,0,8,0
481,1,8,0
482,2,8,0
483,3,8,0
484,4,8,0
485,5,8,0
534,54,8,0
535,55,8,0
536,56,8,0
537,57,8,0
538,58,8,0
539,59,8,0
540,0,9,0
541,1,9,0
542,2,9,0
543,3,9,0
544,4,9,0
545,5,9,0
594,54,9,0
595,55,9,0
596,56,9,0
597,57,9,0
598,58,9,0
599,59,9,0
600,0,10,0
601,1,10,0
602,2,10,0
603,3,10,0
604,4,10,0
605,5,10,0
654,54,10,0
655,55,10,0
656,56,10,0
657,57,10,0
658,58,10,0
659,59,10,0
660,0,11,0
661,1,11,0
662,2,11,0
663,3,11,0
664,4,11,0
665,5,11,0
714,54,11,0
715,55,11,0
716,56,11,0
717,57,11,0
718,58,11,0
719,59,11,0
720,0,12,0
721,1,12,0
722,2,12,0
723,3,12,0
724,4,12,0
725,5,12,0
726,6,12,0
727,7,12,0
728,8,12,0
729,9,12,0
730,10,12,0
731,11,12,0
732,12,12,0
733,13,12,0
734,14,12,0
735,15,12,0
736,16,12,0
737,17,12,0
738,18,12,0
739,19,12,0
740,20,12,0
741,21,12,0
742,22,12,0
743,23,12,0
744,24,12,0
745,25,12,0
746,26,12,0
747,27,12,0
748,28,12,0
749,29,12,0
750,30,12,0
751,31,12,0
752,32,12,0
753,33,12,0
754,34,12,0
755,35,12,0
756,36,12,0
757,37,12,0
758,38,12,0
759,39,12,0
760,40,12,0
761,41,12,0
762,42,12,0
763,43,12,0
764,44,12,0
765,45,12,0
766,46,12,0
767,47,12,0
768,48,12,0
769,49,12,0
770,50,12,0
771,51,12,0
772,52,12,0
773,53,12,0
774,54,12,0
775,55,12,0
776,56,12,0
777,57,12,0
778,58,12,0
779,59,12,0
780,0,13,0
781,1,13,0
782,2,13,0
783,3,13,0
784,4,13,0
785,5,13,0
834,54,13,0
835,55,13,0
836,56,13,0
837,57,13,0
838,58,13,0
839,59,13,0
840,0,14,0
841,1,14,0
842,2,14,0
843,3,14,0
844,4,14,0
845,5,14,0
894,54,14,0
895,55,14,0
896,56,14,0
897,57,14,0
898,58,14,0
899,59,14,0
900,0,15,0
901,1,15,0
902,2,15,0
903,3,15,0
904,4,15,0
905,5,15,0
954,54,15,0
955,55,15,0
956,56,15,0
957,57,15,0
958,58,15,0
959,59,15,0
960,0,16,0
961,1,16,0
962,2,16,0
963,3,16,0
964,4,16,0
965,5,16,0
1014,54,16,0
1015,55,16,0
1016,56,16,0
1017,57,16,0
1018,58,16,0
1019,59,16,0
1020,0,17,0
1021,1,17,0
1022,2,17,0
1023,3,17,0
1024,4,17,0
1025,5,17,0
1074,54,17,0
1075,55,17,0
1076,56,17,0
1077,57,17,0
1078,58,17,0
1079,59,17,0
1080,0,18,0
1081,1,18,0
1082,2,18,0
1083,3,18,0
1084,4,18,0
1085,5,18,0
1086,6,18,0
1087,7,18,0
1088,8,18,0
1089,9,18,0
1090,10,18,0
1091,11,18,0
1092,12,18,0
1093,13,18,0
1094,14,18,0
1095,15,18,0
1096,16,18,0
1097,17,18,0
1098,18,18,0
1099,19,18,0
1100,20,18,0
1101,21,18,0
1102,22,18,0
1103,23,18,0
1104,24,18,0
1105,25,18,0
1106,26,18,0
1107,27,18,0
1108,28,18,0
1109,29,18,0
1110,30,18,0
1111,31,18,0
1112,32,18,0
1113,33,18,0
1114,34,18,0
1115,35,18,0
1116,36,18,0
1117,37,18,0
1118,38,18,0
1119,39,18,0
1120,40,18,0
1121,41,18,0
1122,42,18,0
1123,43,18,0
1124,44,18,0
1125,45,18,0
1126,46,18,0
1127,47,18,0
1128,48,18,0
1129,49,18,0
1130,50,18,0
1131,51,18,0
1132,52,18,0
1133,53,18,0
1134,54,18,0
1135,55,18,0
1136,56,18,0
1137,57,18,0
1138,58,18,0
1139,59,18,0
1140,0,19,0
1141,1,19,0
1142,2,19,0
1143,3,19,0
1144,4,19,0
1145,5,19,0
1194,54,19,0
1195,55,19,0
1196,56,19,0
1197,57,19,0
1198,58,19,0
1199,59,19,0
1200,0,20,0
1201,1,20,0
1202,2,20,0
1203,3,20,0
1204,4,20,0
1205,5,20,0
1254,54,20,0
1255,55,20,0
1256,56,20,0
1257,57,20,0
1258,58,20,0
1259,59,20,0
1260,0,21,0
1261,1,21,0
1262,2,21,0
1263,3,21,0
1264,4,21,0
1265,5,21,0
1314,54,21,0
1315,55,21,0
1316,56,21,0
1317,57,21,0
1318,58,21,0
1319,59,21,0
1320,0,22,0
1321,1,22,0
1322,2,22,0
1323,3,22,0
1324,4,22,0
1325,5,22,0
1374,54,22,0
1375,55,22,0
1376,56,22,0
1377,57,22,0
1378,58,22,0
1379,59,22,0
1380,0,23,0
1381,1,23,0
1382,2,23,0
1383,3,23,0
1384,4,23,0
1385,5,23,0
1434,54,23,0
1435,55,23,0
1436,56,23,0
1437,57,23,0
1438,58,23,0
1439,59,23,0
1440,0,24,0
1441,1,24,0
1442,2,24,0
1443,3,24,0
1444,4,24,0
1445,5,24,0
1446,6,24,0
1447,7,24,0
1448,8,24,0
1449,9,24,0
1450,10,24,0
1451,11,24,0
1452,12,24,0
1453,13,24,0
1454,14,24,0
1455,15,24,0
1456,16,24,0
1457,17,24,0
1458,18,24,0
1459,19,24,0
1460,20,24,0
1461,21,24,0
1462,22,24,0
1463,23,24,0
1464,24,24,0
1465,25,24,0
1466,26,24,0
1467,27,24,0
1468,28,24,0
1469,29,24,0
1470,30,24,0
1471,31,24,0
1472,32,24,0
1473,33,24,0
1474,34,24,0
1475,35,24,0
1476,36,24,0
1477,37,24,0
1478,38,24,0
1479,39,24,0
1480,40,24,0
1481,41,24,0
1482,42,24,0
1483,43,24,0
1484,44,24,0
1485,45,24,0
1486,46,24,0
1487,47,24,0
1488,48,24,0
1489,49,24,0
1490,50,24,0
1491,51,24,0
1492,52,24,0
1493,53,24,0
1494,54,24,0
1495,55,24,0
1496,56,24,0
1497,57,24,0
1498,58,24,0
1499,59,24,0
1500,0,25,0
1501,1,25,0
1502,2,25,0
1503,3,25,0
1504,4,25,0
1505,5,25,0
1554,54,25,0
1555,55,25,0
1556,56,25,0
1557,57,25,0
1558,58,25,0
1559,59,25,0
1560,0,26,0
1561,1,26,0
1562,2,26,0
1563,3,26,0
1564,4,26,0
1565,5,26,0
1614,54,26,0
1615,55,26,0
1616,56,26,0
1617,57,26,0
1618,58,26,0
1619,59,26,0
1620,0,27,0
1621,1,27,0
1622,2,27,0
1623,3,27,0
1624,4,27,0
1625,5,27,0
1674,54,27,0
1675,55,27,0
1676,56,27,0
1677,57,27,0
1678,58,27,0
1679,59,27,0
1680,0,28,0
1681,1,28,0
1682,2,28,0
1683,3,28,0
1684,4,28,0
1685,5,28,0
1734,54,28,0
1735,55,28,0
1736,56,28,0
1737,57,28,0
1738,58,28,0
1739,59,28,0
1740,0,29,0
1741,1,29,0
1742,2,29,0
1743,3,29,0
1744,4,29,0
1745,5,29,0
1794,54,29,0
1795,55,29,0
1796,56,29,0
1797,57,29,0
1798,58,29,0
1799,59,29,0
1800,0,30,0
1801,1,30,0
1802,2,30,0
1803,3,30,0
1804,4,30,0
1805,5,30,0
1806,6,30,0
1807,7,30,0
1808,8,30,0
1809,9,30,0
1810,10,30,0
1811,11,30,0
1812,12,30,0
1813,13,30,0
1814,14,30,0
1815,15,30,0
1816,16,30,0
1817,17,30,0
1818,18,30,0
1819,19,30,0
1820,20,30,0
1821,21,30,0
1822,22,30,0
1823,23,30,0
1824,24,30,0
1825,25,30,0
1826,26,30,0
1827,27,30,0
1828,28,30,0
1829,29,30,0
1830,30,30,0
1831,31,30,0
1832,32,30,0
1833,33,30,0
1834,34,30,0
1835,35,30,0
1836,36,30,0
1837,37,30,0
1838,38,30,0
1839,39,30,0
1840,40,30,0
1841,41,30,0
1842,42,30,0
1843,43,30,0
1844,44,30,0
1845,45,30,0
1846,46,30,0
1847,47,30,0
1848,48,30,0
1849,49,30,0
1850,50,30,0
1851,51,30,0
1852,52,30,0
1853,53,30,0
1854,54,30,0
1855,55,30,0
1856,56,30,0
1857,57,30,0
1858,58,30,0
1859,59,30,0
1860,0,31,0
1861,1,31,0
1862,2,31,0
1863,3,31,0
1864,4,31,0
1865,5,31,0
1914,54,31,0
1915,55,31,0
1916,56,31,0
1917,57,31,0
1918,58,31,0
1919,59,31,0
1920,0,32,0
1921,1,32,0
1922,2,32,0
1923,3,32,0
1924,4,32,0
1925,5,32,0
1974,54,32,0
1975,55,32,0
1976,56,32,0
1977,57,32,0
1978,58,32,0
1979,59,32,0
1980,0,33,0
1981,1,33,0
1982,2,33,0
1983,3,33,0
1984,4,33,0
1985,5,33,0
2034,54,33,0
2035,55,33,0
2036,56,33,0
2037,57,33,0
2038,58,33,0
2039,59,33,0
2040,0,34,0
2041,1,34,0
2042,2,34,0
2043,3,34,0
2044,4,34,0
2045,5,34,0
2094,54,34,0
2095,55,34,0
2096,56,34,0
2097,57,34,0
2098,58,34,0
2099,59,34,0
2100,0,35,0
2101,1,35,0
2102,2,35,0
2103,3,35,0
2104,4,35,0
2105,5,35,0
2154,54,35,0
2155,55,35,0
2156,56,35,0
2157,57,35,0
2158,58,35,0
2159,59,35,0
2160,0,36,0
2161,1,36,0
2162,2,36,0
2163,3,36,0
2164,4,36,0
2165,5,36,0
2166,6,36,0
2167,7,36,0
2168,8,36,0
2169,9,36,0
2170,10,36,0
2171,11,36,0
2172,12,36,0
2173,13,36,0
2174,14,36,0
2175,15,36,0
2176,16,36,0
2177,17,36,0
2178,18,36,0
2179,19,36,0
2180,20,36,0
2181,21,36,0
2182,22,36,0
2183,23,36,0
2184,24,36,0
2185,25,36,0
2186,26,36,0
2187,27,36,0
2188,28,36,0
2189,29,36,0
2190,30,36,0
2191,31,36,0
2192,32,36,0
2193,33,36,0
2194,34,36,0
2195,35,36,0
2196,36,36,0
2197,37,36,0
2198,38,36,0
2199,39,36,0
2200,40,36,0
2201,41,36,0
2202,42,36,0
2203,43,36,0
2204,44,36,0
2205,45,36,0
2206,46,36,0
2207,47,36,0
2208,48,36,0
2209,49,36,0
2210,50,36,0
2211,51,36,0
2212,52,36,0
2213,53,36,0
2214,54,36,0
2215,55,36,0
2216,56,36,0
2217,57,36,0
2218,58,36,0
2219,59,36,0
2220,0,37,0
2221,1,37,0
2222,2,37,0
2223,3,37,0
2224,4,37,0
2225,5,37,0
2274,54,37,0
2275,55,37,0
2276,56,37,0
2277,57,37,0
2278,58,37,0
2279,59,37,0
2280,0,38,0
2281,1,38,0
2282,2,38,0
2283,3,38,0
2284,4,38,0
2285,5,38,0
2334,54,38,0
2335,55,38,0
2336,56,38,0
2337,57,38,0
2338,58,38,0
2339,59,38,0
2340,0,39,0
2341,1,39,0
2342,2,39,0
2343,3,39,0
2344,4,39,0
2345,5,39,0
2394,54,39,0
2395,55,39,0
2396,56,39,0
2397,57,39,0
2398,58,39,0
2399,59,39,0
2400,0,40,0
2401,1,40,0
2402,2,40,0
2403,3,40,0
2404,4,40,0
2405,5,40,0
2454,54,40,0
2455,55,40,0
2456,56,40,0
2457,57,40,0
2458,58,40,0
2459,59,40,0
2460,0,41,0
2461,1,41,0
2462,2,41,0
2463,3,41,0
2464,4,41,0
2465,5,41,0
2514,54,41,0
2515,55,41,0
2516,56,41,0
2517,57,41,0
2518,58,41,0
2519,59,41,0
2520,0,42,0
2521,1,42,0
2522,2,42,0
2523,3,42,0
2524,4,42,0
2525,5,42,0
2526,6,42,0
2527,7,42,0
2528,8,42,0
2529,9,42,0
2530,10,42,0
2531,11,42,0
2532,12,42,0
2533,13,42,0
2534,14,42,0
2535,15,42,0
2536,16,42,0
2537,17,42,0
2538,18,42,0
2539,19,42,0
2540,20,42,0
2541,21,42,0
2542,22,42,0
2543,23,42,0
2544,24,42,0
2545,25,42,0
2546,26,42,0
2547,27,42,0
2548,28,42,0
2549,29,42,0
2550,30,42,0
2551,31,42,0
2552,32,42,0
2553,33,42,0
2554,34,42,0
2555,35,42,0
2556,36,42,0
2557,37,42,0
2558,38,42,0
2559,39,42,0
2560,40,42,0
2561,41,42,0
2562,42,42,0
2563,43,42,0
2564,44,42,0
2565,45,42,0
2566,46,42,0
2567,47,42,0
2568,48,42,0
2569,49,42,0
2570,50,42,0
2571,51,42,0
2572,52,42,0
2573,53,42,0
2574,54,42,0
2575,55,42,0
2576,56,42,0
2577,57,42,0
2578,58,42,0
2579,59,42,0
2580,0,43,0
2581,1,43,0
2582,2,43,0
2583,3,43,0
2584,4,43,0
2585,5,43,0
2634,54,43,0
2635,55,43,0
2636,56,43,0
2637,57,43,0
2638,58,43,0
2639,59,43,0
2640,0,44,0
2641,1,44,0
2642,2,44,0
2643,3,44,0
2644,4,44,0
2645,5,44,0
2694,54,44,0
2695,55,44,0
2696,56,44,0
2697,57,44,0
2698,58,44,0
2699,59,44,0
2700,0,45,0
2701,1,45,0
2702,2,45,0
2703,3,45,0
2704,4,45,0
2705,5,45,0
2754,54,45,0
2755,55,45,0
2756,56,45,0
2757,57,45,0
2758,58,45,0
2759,59,45,0
2760,0,46,0
2761,1,46,0
2762,2,46,0
2763,3,46,0
2764,4,46,0
2765,5,46,0
2814,54,46,0
2815,55,46,0
2816,56,46,0
2817,57,46,0
2818,58,46,0
2819,59,46,0
2820,0,47,0
2821,1,47,0
2822,2,47,0
2823,3,47,0
2824,4,47,0
2825,5,47,0
2874,54,47,0
2875,55,47,0
2876,56,47,0
2877,57,47,0
2878,58,47,0
2879,59,47,0
2880,0,48,0
2881,1,48,0
2882,2,48,0
2883,3,48,0
2884,4,48,0
2885,5,48,0
2886,6,48,0
2887,7,48,0
2888,8,48,0
2889,9,48,0
2890,10,48,0
2891,11,48,0
2892,12,48,0
2893,13,48,0
2894,14,48,0
2895,15,48,0
2896,16,48,0
2897,17,48,0
2898,18,48,0
2899,19,48,0
2900,20,48,0
2901,21,48,0
2902,22,48,0
2903,23,48,0
2904,24,48,0
2905,25,48,0
2906,26,48,0
2907,27,48,0
2908,28,48,0
2909,29,48,0
2910,30,48,0
2911,31,48,0
2912,32,48,0
2913,33,48,0
2914,34,48,0
2915,35,48,0
2916,36,48,0
2917,37,48,0
2918,38,48,0
2919,39,48,0
2920,40,48,0
2921,41,48,0
2922,42,48,0
2923,43,48,0
2924,44,48,0
2925,45,48,0
2926,46,48,0
2927,47,48,0
2928,48,48,0
2929,49,48,0
2930,50,48,0
2931,51,48,0
2932,52,48,0
2933,53,48,0
2934,54,48,0
2935,55,48,0
2936,56,48,0
2937,57,48,0
2938,58,48,0
2939,59,48,0
2940,0,49,0
2941,1,49,0
2942,2,49,0
2943,3,49,0
2944,4,49,0
2945,5,49,0
2994,54,49,0
2995,55,49,0
2996,56,49,0
2997,57,49,0
2998,58,49,0
2999,59,49,0
3000,0,50,0
3001,1,50,0
3002,2,50,0
3003,3,50,0
3004,4,50,0
3005,5,50,0
3054,54,50,0
3055,55,50,0
3056,56,50,0
3057,57,50,0
3058,58,50,0
3059,59,50,0
3060,0,51,0
3061,1,51,0
3062,2,51,0
3063,3,51,0
3064,4,51,0
3065,5,51,0
3114,54,51,0
3115,55,51,0
3116,56,51,0
3117,57,51,0
3118,58,51,0
3119,59,51,0
3120,0,52,0
3121,1,52,0
3122,2,52,0
3123,3,52,0
3124,4,52,0
3125,5,52,0
3174,54,52,0
3175,55,52,0
3176,56,52,0
3177,57,52,0
3178,58,52,0
3179,59,52,0
3180,0,53,0
3181,1,53,0
3182,2,53,0
3183,3,53,0
3184,4,53,0
3185,5,53,0
3234,54,53,0
3235,55,53,0
3236,56,53,0
3237,57,53,0
3238,58,53,0
3239,59,53,0
3240,0,54,0
3241,1,54,0
3242,2,54,0
3243,3,54,0
3244,4,54,0
3245,5,54,0
3246,6,54,0
3247,7,54,0
3248,8,54,0
3249,9,54,0
3250,10,54,0
3251,11,54,0
3252,12,54,0
3253,13,54,0
3254,14,54,0
3255,15,54,0
3256,16,54,0
3257,17,54,0
3258,18,54,0
3259,19,54,0
3260,20,54,0
3261,21,54,0
3262,22,54,0
3263,23,54,0
3264,24,54,0
3265,25,54,0
3266,26,54,0
3267,27,54,0
3268,28,54,0
3269,29,54,0
3270,30,54,0
3271,31,54,0
3272,32,54,0
3273,33,54,0
3274,34,54,0
3275,35,54,0
3276,36,54,0
3277,37,54,0
3278,38,54,0
3279,39,54,0
3280,40,54,0
3281,41,54,0
3282,42,54,0
3283,43,54,0
3284,44,54,0
3285,45,54,0
3286,46,54,0
3287,47,54,0
3288,48,54,0
3289,49,54,0
3290,50,54,0
3291,51,54,0
3292,52,54,0
3293,53,54,0
3294,54,54,0
3295,55,54,0
3296,56,54,0
3297,57,54,0
3298,58,54,0
3299,59,54,0
3305,5,0,1
3306,6,0,1
3353,53,0,1
3354,54,0,1
3665,5,6,1
3666,6,6,1
3713,53,6,1
3714,54,6,1
4025,5,12,1
4026,6,12,1
4073,53,12,1
4074,54,12,1
4385,5,18,1
4386,6,18,1
4433,53,18,1
4434,54,18,1
4745,5,24,1
4746,6,24,1
4793,53,24,1
4794,54,24,1
5105,5,30,1
5106,6,30,1
5153,53,30,1
5154,54,30,1
5465,5,36,1
5466,6,36,1
5513,53,36,1
5514,54,36,1
5825,5,42,1
5826,6,42,1
5873,53,42,1
5874,54,42,1
6185,5,48,1
6186,6,48,1
6233,53,48,1
6234,54,48,1
6545,5,54,1
6546,6,54,1
6593,53,54,1
6594,54,54,1
6605,5,0,2
6606,6,0,2
6653,53,0,2
6654,54,0,2
6965,5,6,2
6966,6,6,2
7013,53,6,2
7014,54,6,2
7325,5,12,2
7326,6,12,2
7373,53,12,2
7374,54,12,2
7685,5,18,2
7686,6,18,2
7733,53,18,2
7734,54,18,2
8045,5,24,2
8046,6,24,2
8093,53,24,2
8094,54,24,2
8405,5,30,2
8406,6,30,2
8453,53,30,2
8454,54,30,2
8765,5,36,2
8766,6,36,2
8813,53,36,2
8814,54,36,2
9125,5,42,2
9126,6,42,2
9173,53,42,2
9174,54,42,2
9485,5,48,2
9486,6,48,2
9533,53,48,2
9534,54,48,2
9845,5,54,2
9846,6,54,2
9893,53,54,2
9894,54,54,2
9905,5,0,3
9906,6,0,3
9953,53,0,3
9954,54,0,3
10265,5,6,3
10266,6,6,3
10313,53,6,3
10314,54,6,3
10625,5,12,3
10626,6,12,3
10673,53,12,3
10674,54,12,3
10985,5,18,3
10986,6,18,3
11033,53,18,3
11034,54,18,3
11345,5,24,3
11346,6,24,3
11393,53,24,3
11394,54,24,3
11705,5,30,3
11706,6,30,3
11753,53,30,3
11754,54,30,3
12065,5,36,3
12066,6,36,3
12113,53,36,3
12114,54,36,3
12425,5,42,3
12426,6,42,3
12473,53,42,3
12474,54,42,3
12785,5,48,3
12786,6,48,3
12833,53,48,3
12834,54,48,3
13145,5,54,3
13146,6,54,3
13193,53,54,3
13194,54,54,3
13205,5,0,4
13206,6,0,4
13253,53,0,4
13254,54,0,4
13565,5,6,4
13566,6,6,4
13613,53,6,4
13614,54,6,4
13925,5,12,4
13926,6,12,4
13973,53,12,4
13974,54,12,4
14285,5,18,4
14286,6,18,4
14333,53,18,4
14334,54,18,4
14645,5,24,4
14646,6,24,4
14693,53,24,4
14694,54,24,4
15005,5,30,4
15006,6,30,4
15053,53,30,4
15054,54,30,4
15365,5,36,4
15366,6,36,4
15413,53,36,4
15414,54,36,4
15725,5,42,4
15726,6,42,4
15773,53,42,4
15774,54,42,4
16085,5,48,4
16086,6,48,4
16133,53,48,4
16134,54,48,4
16445,5,54,4
16446,6,54,4
16493,53,54,4
16494,54,54,4
16505,5,0,5
16506,6,0,5
16553,53,0,5
16554,54,0,5
16865,5,6,5
16866,6,6,5
16913,53,6,5
16914,54,6,5
17225,5,12,5
17226,6,12,5
17273,53,12,5
17274,54,12,5
17585,5,18,5
17586,6,18,5
17633,53,18,5
17634,54,18,5
17945,5,24,5
17946,6,24,5
17993,53,24,5
17994,54,24,5
18305,5,30,5
18306,6,30,5
18353,53,30,5
18354,54,30,5
18665,5,36,5
18666,6,36,5
18713,53,36,5
18714,54,36,5
19025,5,42,5
19026,6,42,5
19073,53,42,5
19074,54,42,5
19385,5,48,5
19386,6,48,5
19433,53,48,5
19434,54,48,5
19745,5,54,5
19746,6,54,5
19793,53,54,5
19794,54,54,5
19800,0,0,6
19801,1,0,6
19802,2,0,6
19803,3,0,6
19804,4,0,6
19805,5,0,6
19806,6,0,6
19807,7,0,6
19808,8,0,6
19809,9,0,6
19810,10,0,6
19811,11,0,6
19812,12,0,6
19813,13,0,6
19814,14,0,6
19815,15,0,6
19816,16,0,6
19817,17,0,6
19818,18,0,6
19819,19,0,6
19820,20,0,6
19821,21,0,6
19822,22,0,6
19823,23,0,6
19824,24,0,6
19825,25,0,6
19826,26,0,6
19827,27,0,6
19828,28,0,6
19829,29,0,6
19830,30,0,6
19831,31,0,6
19832,32,0,6
19833,33,0,6
19834,34,0,6
19835,35,0,6
19836,36,0,6
19837,37,0,6
19838,38,0,6
19839,39,0,6
19840,40,0,6
19841,41,0,6
19842,42,0,6
19843,43,0,6
19844,44,0,6
19845,45,0,6
19846,46,0,6
19847,47,0,6
19848,48,0,6
19849,49,0,6
19850,50,0,6
19851,51,0,6
19852,52,0,6
19853,53,0,6
19854,54,0,6
19855,55,0,6
19856,56,0,6
19857,57,0,6
19858,58,0,6
19859,59,0,6
19860,0,1,6
19861,1,1,6
19862,2,1,6
19863,3,1,6
19864,4,1,6
19865,5,1,6
19914,54,1,6
19915,55,1,6
19916,56,1,6
19917,57,1,6
19918,58,1,6
19919,59,1,6
19920,0,2,6
19921,1,2,6
19922,2,2,6
19923,3,2,6
19924,4,2,6
19925,5,2,6
19974,54,2,6
19975,55,2,6
19976,56,2,6
19977,57,2,6
19978,58,2,6
19979,59,2,6
19980,0,3,6
19981,1,3,6
19982,2,3,6
19983,3,3,6
19984,4,3,6
19985,5,3,6
20034,54,3,6
20035,55,3,6
20036,56,3,6
20037,57,3,6
20038,58,3,6
20039,59,3,6
20040,0,4,6
20041,1,4,6
20042,2,4,6
20043,3,4,6
20044,4,4,6
20045,5,4,6
20094,54,4,6
20095,55,4,6
20096,56,4,6
20097,57,4,6
20098,58,4,6
20099,59,4,6
20100,0,5,6
20101,1,5,6
20102,2,5,6
20103,3,5,6
20104,4,5,6
20105,5,5,6
20154,54,5,6
20155,55,5,6
20156,56,5,6
20157,57,5,6
20158,58,5,6
20159,59,5,6
20160,0,6,6
20161,1,6,6
20162,2,6,6
20163,3,6,6
20164,4,6,6
20165,5,6,6
20166,6,6,6
20167,7,6,6
20168,8,6,6
20169,9,6,6
20170,10,6,6
20171,11,6,6
20172,12,6,6
20173,13,6,6
20174,14,6,6
20175,15,6,6
20176,16,6,6
20177,17,6,6
20178,18,6,6
20179,19,6,6
20180,20,6,6
20181,21,6,6
20182,22,6,6
20183,23,6,6
20184,24,6,6
20185,25,6,6
20186,26,6,6
20187,27,6,6
20188,28,6,6
20189,29,6,6
20190,30,6,6
20191,31,6,6
20192,32,6,6
20193,33,6,6
20194,34,6,6
20195,35,6,6
20196,36,6,6
20197,37,6,6
20198,38,6,6
20199,39,6,6
20200,40,6,6
20201,41,6,6
20202,42,6,6
20203,43,6,6
20204,44,6,6
20205,45,6,6
20206,46,6,6
20207,47,6,6
20208,48,6,6
20209,49,6,6
20210,50,6,6
20211,51,6,6
20212,52,6,6
20213,53,6,6
20214,54,6,6
20215,55,6,6
20216,56,6,6
20217,57,6,6
20218,58,6,6
20219,59,6,6
20220,0,7,6
20221,1,7,6
20222,2,7,6
20223,3,7,6
20224,4,7,6
20225,5,7,6
20274,54,7,6
20275,55,7,6
20276,56,7,6
20277,57,7,6
20278,58,7,6
20279,59,7,6
20280,0,8,6
20281,1,8,6
20282,2,8,6
20283,3,8,6
20284,4,8,6
20285,5,8,6
20334,54,8,6
20335,55,8,6
20336,56,8,6
20337,57,8,6
20338,58,8,6
20339,59,8,6
20340,0,9,6
20341,1,9,6
20342,2,9,6
20343,3,9,6
20344,4,9,6
20345,5,9,6
20394,54,9,6
20395,55,9,6
20396,56,9,6
20397,57,9,6
20398,58,9,6
20399,59,9,6
20400,0,10,6
20401,1,10,6
20402,2,10,6
20403,3,10,6
20404,4,10,6
20405,5,10,6
20454,54,10,6
20455,55,10,6
20456,56,10,6
20457,57,10,6
20458,58,10,6
20459,59,10,6
20460,0,11,6
20461,1,11,6
20462,2,11,6
20463,3,11,6
20464,4,11,6
20465,5,11,6
20514,54,11,6
20515,55,11,6
20516,56,11,6
20517,57,11,6
20518,58,11,6
20519,59,11,6
20520,0,12,6
20521,1,12,6
20522,2,12,6
20523,3,12,6
20524,4,12,6
20525,5,12,6
20526,6,12,6
20527,7,12,6
20528,8,12,6
20529,9,12,6
20530,10,12,6
20531,11,12,6
20532,12,12,6
20533,13,12,6
20534,14,12,6
20535,15,12,6
20536,16,12,6
20537,17,12,6
20538,18,12,6
20539,19,12,6
20540,20,12,6
20541,21,12,6
20542,22,12,6
20543,23,12,6
20544,24,12,6
20545,25,12,6
20546,26,12,6
20547,27,12,6
20548,28,12,6
20549,29,12,6
20550,30,12,6
20551,31,12,6
20552,32,12,6
20553,33,12,6
20554,34,12,6
20555,35,12,6
20556,36,12,6
20557,37,12,6
20558,38,12,6
20559,39,12,6
20560,40,12,6
20561,41,12,6
20562,42,12,6
20563,43,12,6
20564,44,12,6
20565,45,12,6
20566,46,12,6
20567,47,12,6
20568,48,12,6
20569,49,12,6
20570,50,12,6
20571,51,12,6
20572,52,12,6
20573,53,12,6
20574,54,12,6
20575,55,12,6
20576,56,12,6
20577,57,12,6
20578,58,12,6
20579,59,12,6
20580,0,13,6
20581,1,13,6
20582,2,13,6
20583,3,13,6
20584,4,13,6
20585,5,13,6
20634,54,13,6
20635,55,13,6
20636,56,13,6
20637,57,13,6
20638,58,13,6
20639,59,13,6
20640,0,14,6
20641,1,14,6
20642,2,14,6
20643,3,14,6
20644,4,14,6
20645,5,14,6
20694,54,14,6
20695,55,14,6
20696,56,14,6
20697,57,14,6
20698,58,14,6
20699,59,14,6
20700,0,15,6
20701,1,15,6
20702,2,15,6
20703,3,15,6
20704,4,15,6
20705,5,15,6
20754,54,15,6
20755,55,15,6
20756,56,15,6
20757,57,15,6
20758,58,15,6
20759,59,15,6
20760,0,16,6
20761,1,16,6
20762,2,16,6
20763,3,16,6
20764,4,16,6
20765,5,16,6
20814,54,16,6
20815,55,16,6
20816,56,16,6
20817,57,16,6
20818,58,16,6
20819,59,16,6
20820,0,17,6
20821,1,17,6
20822,2,17,6
20823,3,17,6
20824,4,17,6
20825,5,17,6
20874,54,17,6
20875,55,17,6
20876,56,17,6
20877,57,17,6
20878,58,17,6
20879,59,17,6
20880,0,18,6
20881,1,18,6
20882,2,18,6
20883,3,18,6
20884,4,18,6
20885,5,18,6
20886,6,18,6
20887,7,18,6
20888,8,18,6
20889,9,18,6
20890,10,18,6
20891,11,18,6
20892,12,18,6
20893,13,18,6
20894,14,18,6
20895,15,18,6
20896,16,18,6
20897,17,18,6
20898,18,18,6
20899,19,18,6
20900,20,18,6
20901,21,18,6
20902,22,18,6
20903,23,18,6
20904,24,18,6
20905,25,18,6
20906,26,18,6
20907,27,18,6
20908,28,18,6
20909,29,18,6
20910,30,18,6
20911,31,18,6
20912,32,18,6
20913,33,18,6
20914,34,18,6
20915,35,18,6
20916,36,18,6
20917,37,18,6
20918,38,18,6
20919,39,18,6
20920,40,18,6
20921,41,18,6
20922,42,18,6
20923,43,18,6
20924,44,18,6
20925,45,18,6
20926,46,18,6
20927,47,18,6
20928,48,18,6
20929,49,18,6
20930,50,18,6
20931,51,18,6
20932,52,18,6
20933,53,18,6
20934,54,18,6
20935,55,18,6
20936,56,18,6
20937,57,18,6
20938,58,18,6
20939,59,18,6
20940,0,19,6
20941,1,19,6
20942,2,19,6
20943,3,19,6
20944,4,19,6
20945,5,19,6
20994,54,19,6
20995,55,19,6
20996,56,19,6
20997,57,19,6
20998,58,19,6
20999,59,19,6
21000,0,20,6
21001,1,20,6
21002,2,20,6
21003,3,20,6
21004,4,20,6
21005,5,20,6
21054,54,20,6
21055,55,20,6
21056,56,20,6
21057,57,20,6
21058,58,20,6
21059,59,20,6
21060,0,21,6
21061,1,21,6
21062,2,21,6
21063,3,21,6
21064,4,21,6
21065,5,21,6
21114,54,21,6
21115,55,21,6
21116,56,21,6
21117,57,21,6
21118,58,21,6
21119,59,21,6
21120,0,22,6
21121,1,22,6
21122,2,22,6
21123,3,22,6
21124,4,22,6
21125,5,22,6
21174,54,22,6
21175,55,22,6
21176,56,22,6
21177,57,22,6
21178,58,22,6
21179,59,22,6
21180,0,23,6
21181,1,23,6
21182,2,23,6
21183,3,23,6
21184,4,23,6
21185,5,23,6
21234,54,23,6
21235,55,23,6
21236,56,23,6
21237,57,23,6
21238,58,23,6
21239,59,23,6
21240,0,24,6
21241,1,24,6
21242,2,24,6
21243,3,24,6
21244,4,24,6
21245,5,24,6
21246,6,24,6
21247,7,24,6
21248,8,24,6
21249,9,24,6
21250,10,24,6
21251,11,24,6
21252,12,24,6
21253,13,24,6
21254,14,24,6
21255,15,24,6
21256,16,24,6
21257,17,24,6
21258,18,24,6
21259,19,24,6
21260,20,24,6
21261,21,24,6
21262,22,24,6
21263,23,24,6
21264,24,24,6
21265,25,24,6
21266,26,24,6
21267,27,24,6
21268,28,24,6
21269,29,24,6
21270,30,24,6
21271,31,24,6
21272,32,24,6
21273,33,24,6
21274,34,24,6
21275,35,24,6
21276,36,24,6
21277,37,24,6
21278,38,24,6
21279,39,24,6
21280,40,24,6
21281,41,24,6
21282,42,24,6
21283,43,24,6
21284,44,24,6
21285,45,24,6
21286,46,24,6
21287,47,24,6
21288,48,24,6
21289,49,24,6
21290,50,24,6
21291,51,24,6
21292,52,24,6
21293,53,24,6
21294,54,24,6
21295,55,24,6
21296,56,24,6
21297,57,24,6
21298,58,24,6
21299,59,24,6
21300,0,25,6
21301,1,25,6
21302,2,25,6
21303,3,25,6
21304,4,25,6
21305,5,25,6
21354,54,25,6
21355,55,25,6
21356,56,25,6
21357,57,25,6
21358,58,25,6
21359,59,25,6
21360,0,26,6
21361,1,26,6
21362,2,26,6
21363,3,26,6
21364,4,26,6
21365,5,26,6
21414,54,26,6
21415,55,26,6
21416,56,26,6
21417,57,26,6
21418,58,26,6
21419,59,26,6
21420,0,27,6
21421,1,27,6
21422,2,27,6
21423,3,27,6
21424,4,27,6
21425,5,27,6
21474,54,27,6
21475,55,27,6
21476,56,27,6
21477,57,27,6
21478,58,27,6
21479,59,27,6
21480,0,28,6
21481,1,28,6
21482,2,28,6
21483,3,28,6
21484,4,28,6
21485,5,28,6
21534,54,28,6
21535,55,28,6
21536,56,28,6
21537,57,28,6
21538,58,28,6
21539,59,28,6
21540,0,29,6
21541,1,29,6
21542,2,29,6
21543,3,29,6
21544,4,29,6
21545,5,29,6
21594,54,29,6
21595,55,29,6
21596,56,29,6
21597,57,29,6
21598,58,29,6
21599,59,29,6
21600,0,30,6
21601,1,30,6
21602,2,30,6
21603,3,30,6
21604,4,30,6
21605,5,30,6
21606,6,30,6
21607,7,30,6
21608,8,30,6
21609,9,30,6
21610,10,30,6
21611,11,30,6
21612,12,30,6
21613,13,30,6
21614,14,30,6
21615,15,30,6
21616,16,30,6
21617,17,30,6
21618,18,30,6
21619,19,30,6
21620,20,30,6
21621,21,30,6
21622,22,30,6
21623,23,30,6
21624,24,30,6
21625,25,30,6
21626,26,30,6
21627,27,30,6
21628,28,30,6
21629,29,30,6
21630,30,30,6
21631,31,30,6
21632,32,30,6
21633,33,30,6
21634,34,30,6
21635,35,30,6
21636,36,30,6
21637,37,30,6
21638,38,30,6
21639,39,30,6
21640,40,30,6
21641,41,30,6
21642,42,30,6
21643,43,30,6
21644,44,30,6
21645,45,30,6
21646,46,30,6
21647,47,30,6
21648,48,30,6
21649,49,30,6
21650,50,30,6
21651,51,30,6
21652,52,30,6
21653,53,30,6
21654,54,30,6
21655,55,30,6
21656,56,30,6
21657,57,30,6
21658,58,30,6
21659,59,30,6
21660,0,31,6
21661,1,31,6
21662,2,31,6
21663,3,31,6
21664,4,31,6
21665,5,31,6
21714,54,31,6
21715,55,31,6
21716,56,31,6
21717,57,31,6
21718,58,31,6
21719,59,31,6
21720,0,32,6
21721,1,32,6
21722,2,32,6
21723,3,32,6
21724,4,32,6
21725,5,32,6
21774,54,32,6
21775,55,32,6
21776,56,32,6
21777,57,32,6
21778,58,32,6
21779,59,32,6
21780,0,33,6
21781,1,33,6
21782,2,33,6
21783,3,33,6
21784,4,33,6
21785,5,33,6
21834,54,33,6
21835,55,33,6
21836,56,33,6
21837,57,33,6
21838,58,33,6
21839,59,33,6
21840,0,34,6
21841,1,34,6
21842,2,34,6
21843,3,34,6
21844,4,34,6
21845,5,34,6
21894,54,34,6
21895,55,34,6
21896,56,34,6
21897,57,34,6
21898,58,34,6
21899,59,34,6
21900,0,35,6
21901,1,35,6
21902,2,35,6
21903,3,35,6
21904,4,35,6
21905,5,35,6
21954,54,35,6
21955,55,35,6
21956,56,35,6
21957,57,35,6
21958,58,35,6
21959,59,35,6
21960,0,36,6
21961,1,36,6
21962,2,36,6
21963,3,36,6
21964,4,36,6
21965,5,36,6
21966,6,36,6
21967,7,36,6
21968,8,36,6
21969,9,36,6
21970,10,36,6
21971,11,36,6
21972,12,36,6
21973,13,36,6
21974,14,36,6
21975,15,36,6
21976,16,36,6
21977,17,36,6
21978,18,36,6
21979,19,36,6
21980,20,36,6
21981,21,36,6
21982,22,36,6
21983,23,36,6
21984,24,36,6
21985,25,36,6
21986,26,36,6
21987,27,36,6
21988,28,36,6
21989,29,36,6
21990,30,36,6
21991,31,36,6
21992,32,36,6
21993,33,36,6
21994,34,36,6
21995,35,36,6
21996,36,36,6
21997,37,36,6
21998,38,36,6
21999,39,36,6
22000,40,36,6
22001,41,36,6
22002,42,36,6
22003,43,36,6
22004,44,36,6
22005,45,36,6
22006,46,36,6
22007,47,36,6
22008,48,36,6
22009,49,36,6
22010,50,36,6
22011,51,36,6
22012,52,36,6
22013,53,36,6
22014,54,36,6
22015,55,36,6
22016,56,36,6
22017,57,36,6
22018,58,36,6
22019,59,36,6
22020,0,37,6
22021,1,37,6
22022,2,37,6
22023,3,37,6
22024,4,37,6
22025,5,37,6
22074,54,37,6
22075,55,37,6
22076,56,37,6
22077,57,37,6
22078,58,37,6
22079,59,37,6
22080,0,38,6
22081,1,38,6
22082,2,38,6
22083,3,38,6
22084,4,38,6
22085,5,38,6
22134,54,38,6
22135,55,38,6
22136,56,38,6
22137,57,38,6
22138,58,38,6
22139,59,38,6
22140,0,39,6
22141,1,39,6
22142,2,39,6
22143,3,39,6
22144,4,39,6
22145,5,39,6
22194,54,39,6
22195,55,39,6
22196,56,39,6
22197,57,39,6
22198,58,39,6
22199,59,39,6
22200,0,40,6
22201,1,40,6
22202,2,40,6
22203,3,40,6
22204,4,40,6
22205,5,40,6
22254,54,40,6
22255,55,40,6
22256,56,40,6
22257,57,40,6
22258,58,40,6
22259,59,40,6
22260,0,41,6
22261,1,41,6
22262,2,41,6
22263,3,41,6
22264,4,41,6
22265,5,41,6
22314,54,41,6
22315,55,41,6
22316,56,41,6
22317,57,41,6
22318,58,41,6
22319,59,41,6
22320,0,42,6
22321,1,42,6
22322,2,42,6
22323,3,42,6
22324,4,42,6
22325,5,42,6
22326,6,42,6
22327,7,42,6
22328,8,42,6
22329,9,42,6
22330,10,42,6
22331,11,42,6
22332,12,42,6
22333,13,42,6
22334,14,42,6
22335,15,42,6
22336,16,42,6
22337,17,42,6
22338,18,42,6
22339,19,42,6
22340,20,42,6
22341,21,42,6
22342,22,42,6
22343,23,42,6
22344,24,42,6
22345,25,42,6
22346,26,42,6
22347,27,42,6
22348,28,42,6
22349,29,42,6
22350,30,42,6
22351,31,42,6
22352,32,42,6
22353,33,42,6
22354,34,42,6
22355,35,42,6
22356,36,42,6
22357,37,42,6
22358,38,42,6
22359,39,42,6
22360,40,42,6
22361,41,42,6
22362,42,42,6
22363,43,42,6
22364,44,42,6
22365,45,42,6
22366,46,42,6
22367,47,42,6
22368,48,42,6
22369,49,42,6
22370,50,42,6
22371,51,42,6
22372,52,42,6
22373,53,42,6
22374,54,42,6
22375,55,42,6
22376,56,42,6
22377,57,42,6
22378,58,42,6
22379,59,42,6
22380,0,43,6
22381,1,43,6
22382,2,43,6
22383,3,43,6
22384,4,43,6
22385,5,43,6
22434,54,43,6
22435,55,43,6
22436,56,43,6
22437,57,43,6
22438,58,43,6
22439,59,43,6
22440,0,44,6
22441,1,44,6
22442,2,44,6
22443,3,44,6
22444,4,44,6
22445,5,44,6
22494,54,44,6
22495,55,44,6
22496,56,44,6
22497,57,44,6
22498,58,44,6
22499,59,44,6
22500,0,45,6
22501,1,45,6
22502,2,45,6
22503,3,45,6
22504,4,45,6
22505,5,45,6
22554,54,45,6
22555,55,45,6
22556,56,45,6
22557,57,45,6
22558,58,45,6
22559,59,45,6
22560,0,46,6
22561,1,46,6
22562,2,46,6
22563,3,46,6
22564,4,46,6
22565,5,46,6
22614,54,46,6
22615,55,46,6
22616,56,46,6
22617,57,46,6
22618,58,46,6
22619,59,46,6
22620,0,47,6
22621,1,47,6
22622,2,47,6
22623,3,47,6
22624,4,47,6
22625,5,47,6
22674,54,47,6
22675,55,47,6
22676,56,47,6
22677,57,47,6
22678,58,47,6
22679,59,47,6
22680,0,48,6
22681,1,48,6
22682,2,48,6
22683,3,48,6
22684,4,48,6
22685,5,48,6
22686,6,48,6
22687,7,48,6
22688,8,48,6
22689,9,48,6
22690,10,48,6
22691,11,48,6
22692,12,48,6
22693,13,48,6
22694,14,48,6
22695,15,48,6
22696,16,48,6
22697,17,48,6
22698,18,48,6
22699,19,48,6
22700,20,48,6
22701,21,48,6
22702,22,48,6
22703,23,48,6
22704,24,48,6
22705,25,48,6
22706,26,48,6
22707,27,48,6
22708,28,48,6
22709,29,48,6
22710,30,48,6
22711,31,48,6
22712,32,48,6
22713,33,48,6
22714,34,48,6
22715,35,48,6
22716,36,48,6
22717,37,48,6
22718,38,48,6
22719,39,48,6
22720,40,48,6
22721,41,48,6
22722,42,48,6
22723,43,48,6
22724,44,48,6
22725,45,48,6
22726,46,48,6
22727,47,48,6
22728,48,48,6
22729,49,48,6
22730,50,48,6
22731,51,48,6
22732,52,48,6
22733,53,48,6
22734,54,48,6
22735,55,48,6
22736,56,48,6
22737,57,48,6
22738,58,48,6
22739,59,48,6
22740,0,49,6
22741,1,49,6
22742,2,49,6
22743,3,49,6
22744,4,49,6
22745,5,49,6
22794,54,49,6
22795,55,49,6
22796,56,49,6
22797,57,49,6
22798,58,49,6
22799,59,49,6
22800,0,50,6
22801,1,50,6
22802,2,50,6
22803,3,50,6
22804,4,50,6
22805,5,50,6
22854,54,50,6
22855,55,50,6
22856,56,50,6
22857,57,50,6
22858,58,50,6
22859,59,50,6
22860,0,51,6
22861,1,51,6
22862,2,51,6
22863,3,51,6
22864,4,51,6
22865,5,51,6
22914,54,51,6
22915,55,51,6
22916,56,51,6
22917,57,51,6
22918,58,51,6
22919,59,51,6
22920,0,52,6
22921,1,52,6
22922,2,52,6
22923,3,52,6
22924,4,52,6
22925,5,52,6
22974,54,52,6
22975,55,52,6
22976,56,52,6
22977,57,52,6
22978,58,52,6
22979,59,52,6
22980,0,53,6
22981,1,53,6
22982,2,53,6
22983,3,53,6
22984,4,53,6
22985,5,53,6
23034,54,53,6
23035,55,53,6
23036,56,53,6
23037,57,53,6
23038,58,53,6
23039,59,53,6
23040,0,54,6
23041,1,54,6
23042,2,54,6
23043,3,54,6
23044,4,54,6
23045,5,54,6
23046,6,54,6
23047,7,54,6
23048,8,54,6
23049,9,54,6
23050,10,54,6
23051,11,54,6
23052,12,54,6
23053,13,54,6
23054,14,54,6
23055,15,54,6
23056,16,54,6
23057,17,54,6
23058,18,54,6
23059,19,54,6
23060,20,54,6
23061,21,54,6
23062,22,54,6
23063,23,54,6
23064,24,54,6
23065,25,54,6
23066,26,54,6
23067,27,54,6
23068,28,54,6
23069,29,54,6
23070,30,54,6
23071,31,54,6
23072,32,54,6
23073,33,54,6
23074,34,54,6
23075,35,54,6
23076,36,54,6
23077,37,54,6
23078,38,54,6
23079,39,54,6
23080,40,54,6
23081,41,54,6
23082,42,54,6
23083,43,54,6
23084,44,54,6
23085,45,54,6
23086,46,54,6
23087,47,54,6
23088,48,54,6
23089,49,54,6
23090,50,54,6
23091,51,54,6
23092,52,54,6
23093,53,54,6
23094,54,54,6
23095,55,54,6
23096,56,54,6
23097,57,54,6
23098,58,54,6
23099,59,54,6
23105,5,0,7
23106,6,0,7
23153,53,0,7
23154,54,0,7
23465,5,6,7
23466,6,6,7
23513,53,6,7
23514,54,6,7
23825,5,12,7
23826,6,12,7
23873,53,12,7
23874,54,12,7
24185,5,18,7
24186,6,18,7
24233,53,18,7
24234,54,18,7
24545,5,24,7
24546,6,24,7
24593,53,24,7
24594,54,24,7
24905,5,30,7
24906,6,30,7
24953,53,30,7
24954,54,30,7
25265,5,36,7
25266,6,36,7
25313,53,36,7
25314,54,36,7
25625,5,42,7
25626,6,42,7
25673,53,42,7
25674,54,42,7
25985,5,48,7
25986,6,48,7
26033,53,48,7
26034,54,48,7
26345,5,54,7
26346,6,54,7
26393,53,54,7
26394,54,54,7
26405,5,0,8
26406,6,0,8
26453,53,0,8
26454,54,0,8
26765,5,6,8
26766,6,6,8
26813,53,6,8
26814,54,6,8
27125,5,12,8
27126,6,12,8
27173,53,12,8
27174,54,12,8
27485,5,18,8
27486,6,18,8
27533,53,18,8
27534,54,18,8
27845,5,24,8
27846,6,24,8
27893,53,24,8
27894,54,24,8
28205,5,30,8
28206,6,30,8
28253,53,30,8
28254,54,30,8
28565,5,36,8
28566,6,36,8
28613,53,36,8
28614,54,36,8
28925,5,42,8
28926,6,42,8
28973,53,42,8
28974,54,42,8
29285,5,48,8
29286,6,48,8
29333,53,48,8
29334,54,48,8
29645,5,54,8
29646,6,54,8
29693,53,54,8
29694,54,54,8
29705,5,0,9
29706,6,0,9
29753,53,0,9
29754,54,0,9
30065,5,6,9
30066,6,6,9
30113,53,6,9
30114,54,6,9
30425,5,12,9
30426,6,12,9
30473,53,12,9
30474,54,12,9
30785,5,18,9
30786,6,18,9
30833,53,18,9
30834,54,18,9
31145,5,24,9
31146,6,24,9
31193,53,24,9
31194,54,24,9
31505,5,30,9
31506,6,30,9
31553,53,30,9
31554,54,30,9
31865,5,36,9
31866,6,36,9
31913,53,36,9
31914,54,36,9
32225,5,42,9
32226,6,42,9
32273,53,42,9
32274,54,42,9
32585,5,48,9
32586,6,48,9
32633,53,48,9
32634,54,48,9
32945,5,54,9
32946,6,54,9
32993,53,54,9
32994,54,54,9
33005,5,0,10
33006,6,0,10
33053,53,0,10
33054,54,0,10
33365,5,6,10
33366,6,6,10
33413,53,6,10
33414,54,6,10
33725,5,12,10
33726,6,12,10
33773,53,12,10
33774,54,12,10
34085,5,18,10
34086,6,18,10
34133,53,18,10
34134,54,18,10
34445,5,24,10
34446,6,24,10
34493,53,24,10
34494,54,24,10
34805,5,30,10
34806,6,30,10
34853,53,30,10
34854,54,30,10
35165,5,36,10
35166,6,36,10
35213,53,36,10
35214,54,36,10
35525,5,42,10
35526,6,42,10
35573,53,42,10
35574,54,42,10
35885,5,48,10
35886,6,48,10
35933,53,48,10
35934,54,48,10
36245,5,54,10
36246,6,54,10
36293,53,54,10
36294,54,54,10
36305,5,0,11
36306,6,0,11
36353,53,0,11
36354,54,0,11
36665,5,6,11
36666,6,6,11
36713,53,6,11
36714,54,6,11
37025,5,12,11
37026,6,12,11
37073,53,12,11
37074,54,12,11
37385,5,18,11
37386,6,18,11
37433,53,18,11
37434,54,18,11
37745,5,24,11
37746,6,24,11
37793,53,24,11
37794,54,24,11
38105,5,30,11
38106,6,30,11
38153,53,30,11
38154,54,30,11
38465,5,36,11
38466,6,36,11
38513,53,36,11
38514,54,36,11
38825,5,42,11
38826,6,42,11
38873,53,42,11
38874,54,42,11
39185,5,48,11
39186,6,48,11
39233,53,48,11
39234,54,48,11
39545,5,54,11
39546,6,54,11
39593,53,54,11
39594,54,54,11
39600,0,0,12
39601,1,0,12
39602,2,0,12
39603,3,0,12
39604,4,0,12
39605,5,0,12
39606,6,0,12
39607,7,0,12
39608,8,0,12
39609,9,0,12
39610,10,0,12
39611,11,0,12
39612,12,0,12
39613,13,0,12
39614,14,0,12
39615,15,0,12
39616,16,0,12
39617,17,0,12
39618,18,0,12
39619,19,0,12
39620,20,0,12
39621,21,0,12
39622,22,0,12
39623,23,0,12
39624,24,0,12
39625,25,0,12
39626,26,0,12
39627,27,0,12
39628,28,0,12
39629,29,0,12
39630,30,0,12
39631,31,0,12
39632,32,0,12
39633,33,0,12
39634,34,0,12
39635,35,0,12
39636,36,0,12
39637,37,0,12
39638,38,0,12
39639,39,0,12
39640,40,0,12
39641,41,0,12
39642,42,0,12
39643,43,0,12
39644,44,0,12
39645,45,0,12
39646,46,0,12
39647,47,0,12
39648,48,0,12
39649,49,0,12
39650,50,0,12
39651,51,0,12
39652,52,0,12
39653,53,0,12
39654,54,0,12
39655,55,0,12
39656,56,0,12
39657,57,0,12
39658,58,0,12
39659,59,0,12
39660,0,1,12
39661,1,1,12
39662,2,1,12
39663,3,1,12
39664,4,1,12
39665,5,1,12
39714,54,1,12
39715,55,1,12
39716,56,1,12
39717,57,1,12
39718,58,1,12
39719,59,1,12
39720,0,2,12
39721,1,2,12
39722,2,2,12
39723,3,2,12
39724,4,2,12
39725,5,2,12
39774,54,2,12
39775,55,2,12
39776,56,2,12
39777,57,2,12
39778,58,2,12
39779,59,2,12
39780,0,3,12
39781,1,3,12
39782,2,3,12
39783,3,3,12
39784,4,3,12
39785,5,3,12
39834,54,3,12
39835,55,3,12
39836,56,3,12
39837,57,3,12
39838,58,3,12
39839,59,3,12
39840,0,4,12
39841,1,4,12
39842,2,4,12
39843,3,4,12
39844,4,4,12
39845,5,4,12
39894,54,4,12
39895,55,4,12
39896,56,4,12
39897,57,4,12
39898,58,4,12
39899,59,4,12
39900,0,5,12
39901,1,5,12
39902,2,5,12
39903,3,5,12
39904,4,5,12
39905,5,5,12
39954,54,5,12
39955,55,5,12
39956,56,5,12
39957,57,5,12
39958,58,5,12
39959,59,5,12
39960,0,6,12
39961,1,6,12
39962,2,6,12
39963,3,6,12
39964,4,6,12
39965,5,6,12
39966,6,6,12
39967,7,6,12
39968,8,6,12
39969,9,6,12
39970,10,6,12
39971,11,6,12
39972,12,6,12
39973,13,6,12
39974,14,6,12
39975,15,6,12
39976,16,6,12
39977,17,6,12
39978,18,6,12
39979,19,6,12
39980,20,6,12
39981,21,6,12
39982,22,6,12
39983,23,6,12
39984,24,6,12
39985,25,6,12
39986,26,6,12
39987,27,6,12
39988,28,6,12
39989,29,6,12
39990,30,6,12
39991,31,6,12
39992,32,6,12
39993,33,6,12
39994,34,6,12
39995,35,6,12
39996,36,6,12
39997,37,6,12
39998,38,6,12
39999,39,6,12
40000,40,6,12
40001,41,6,12
40002,42,6,12
40003,43,6,12
40004,44,6,12
40005,45,6,12
40006,46,6,12
40007,47,6,12
40008,48,6,12
40009,49,6,12
40010,50,6,12
40011,51,6,12
40012,52,6,12
40013,53,6,12
40014,54,6,12
40015,55,6,12
40016,56,6,12
40017,57,6,12
40018,58,6,12
40019,59,6,12
40020,0,7,12
40021,1,7,12
40022,2,7,12
40023,3,7,12
40024,4,7,12
40025,5,7,12
40074,54,7,12
40075,55,7,12
40076,56,7,12
40077,57,7,12
40078,58,7,12
40079,59,7,12
40080,0,8,12
40081,1,8,12
40082,2,8,12
40083,3,8,12
40084,4,8,12
40085,5,8,12
40134,54,8,12
40135,55,8,12
40136,56,8,12
40137,57,8,12
40138,58,8,12
40139,59,8,12
40140,0,9,12
40141,1,9,12
40142,2,9,12
40143,3,9,12
40144,4,9,12
40145,5,9,12
40194,54,9,12
40195,55,9,12
40196,56,9,12
40197,57,9,12
40198,58,9,12
40199,59,9,12
40200,0,10,12
40201,1,10,12
40202,2,10,12
40203,3,10,12
40204,4,10,12
40205,5,10,12
40254,54,10,12
40255,55,10,12
40256,56,10,12
40257,57,10,12
40258,58,10,12
40259,59,10,12
40260,0,11,12
40261,1,11,12
40262,2,11,12
40263,3,11,12
40264,4,11,12
40265,5,11,12
40314,54,11,12
40315,55,11,12
40316,56,11,12
40317,57,11,12
40318,58,11,12
40319,59,11,12
40320,0,12,12
40321,1,12,12
40322,2,12,12
40323,3,12,12
40324,4,12,12
40325,5,12,12
40326,6,12,12
40327,7,12,12
40328,8,12,12
40329,9,12,12
40330,10,12,12
40331,11,12,12
40332,12,12,12
40333,13,12,12
40334,14,12,12
40335,15,12,12
40336,16,12,12
40337,17,12,12
40338,18,12,12
40339,19,12,12
40340,20,12,12
40341,21,12,12
40342,22,12,12
40343,23,12,12
40344,24,12,12
40345,25,12,12
40346,26,12,12
40347,27,12,12
40348,28,12,12
40349,29,12,12
40350,30,12,12
40351,31,12,12
40352,32,12,12
40353,33,12,12
40354,34,12,12
40355,35,12,12
40356,36,12,12
40357,37,12,12
40358,38,12,12
40359,39,12,12
40360,40,12,12
40361,41,12,12
40362,42,12,12
40363,43,12,12
40364,44,12,12
40365,45,12,12
40366,46,12,12
40367,47,12,12
40368,48,12,12
40369,49,12,12
40370,50,12,12
40371,51,12,12
40372,52,12,12
40373,53,12,12
40374,54,12,12
40375,55,12,12
40376,56,12,12
40377,57,12,12
40378,58,12,12
40379,59,12,12
40380,0,13,12
40381,1,13,12
40382,2,13,12
40383,3,13,12
40384,4,13,12
40385,5,13,12
40434,54,13,12
40435,55,13,12
40436,56,13,12
40437,57,13,12
40438,58,13,12
40439,59,13,12
40440,0,14,12
40441,1,14,12
40442,2,14,12
40443,3,14,12
40444,4,14,12
40445,5,14,12
40494,54,14,12
40495,55,14,12
40496,56,14,12
40497,57,14,12
40498,58,14,12
40499,59,14,12
40500,0,15,12
40501,1,15,12
40502,2,15,12
40503,3,15,12
40504,4,15,12
40505,5,15,12
40554,54,15,12
40555,55,15,12
40556,56,15,12
40557,57,15,12
40558,58,15,12
40559,59,15,12
40560,0,16,12
40561,1,16,12
40562,2,16,12
40563,3,16,12
40564,4,16,12
40565,5,16,12
40614,54,16,12
40615,55,16,12
40616,56,16,12
40617,57,16,12
40618,58,16,12
40619,59,16,12
40620,0,17,12
40621,1,17,12
40622,2,17,12
40623,3,17,12
40624,4,17,12
40625,5,17,12
40674,54,17,12
40675,55,17,12
40676,56,17,12
40677,57,17,12
40678,58,17,12
40679,59,17,12
40680,0,18,12
40681,1,18,12
40682,2,18,12
40683,3,18,12
40684,4,18,12
40685,5,18,12
40686,6,18,12
40687,7,18,12
40688,8,18,12
40689,9,18,12
40690,10,18,12
40691,11,18,12
40692,12,18,12
40693,13,18,12
40694,14,18,12
40695,15,18,12
40696,16,18,12
40697,17,18,12
40698,18,18,12
40699,19,18,12
40700,20,18,12
40701,21,18,12
40702,22,18,12
40703,23,18,12
40704,24,18,12
40705,25,18,12
40706,26,18,12
40707,27,18,12
40708,28,18,12
40709,29,18,12
40710,30,18,12
40711,31,18,12
40712,32,18,12
40713,33,18,12
40714,34,18,12
40715,35,18,12
40716,36,18,12
40717,37,18,12
40718,38,18,12
40719,39,18,12
40720,40,18,12
40721,41,18,12
40722,42,18,12
40723,43,18,12
40724,44,18,12
40725,45,18,12
40726,46,18,12
40727,47,18,12
40728,48,18,12
40729,49,18,12
40730,50,18,12
40731,51,18,12
40732,52,18,12
40733,53,18,12
40734,54,18,12
40735,55,18,12
40736,56,18,12
40737,57,18,12
40738,58,18,12
40739,59,18,12
40740,0,19,12
40741,1,19,12
40742,2,19,12
40743,3,19,12
40744,4,19,12
40745,5,19,12
40794,54,19,12
40795,55,19,12
40796,56,19,12
40797,57,19,12
40798,58,19,12
40799,59,19,12
40800,0,20,12
40801,1,20,12
40802,2,20,12
40803,3,20,12
40804,4,20,12
40805,5,20,12
40854,54,20,12
40855,55,20,12
40856,56,20,12
40857,57,20,12
40858,58,20,12
40859,59,20,12
40860,0,21,12
40861,1,21,12
40862,2,21,12
40863,3,21,12
40864,4,21,12
40865,5,21,12
40914,54,21,12
40915,55,21,12
40916,56,21,12
40917,57,21,12
40918,58,21,12
40919,59,21,12
40920,0,22,12
40921,1,22,12
40922,2,22,12
40923,3,22,12
40924,4,22,12
40925,5,22,12
40974,54,22,12
40975,55,22,12
40976,56,22,12
40977,57,22,12
40978,58,22,12
40979,59,22,12
40980,0,23,12
40981,1,23,12
40982,2,23,12
40983,3,23,12
40984,4,23,12
40985,5,23,12
41034,54,23,12
41035,55,23,12
41036,56,23,12
41037,57,23,12
41038,58,23,12
41039,59,23,12
41040,0,24,12
41041,1,24,12
41042,2,24,12
41043,3,24,12
41044,4,24,12
41045,5,24,12
41046,6,24,12
41047,7,24,12
41048,8,24,12
41049,9,24,12
41050,10,24,12
41051,11,24,12
41052,12,24,12
41053,13,24,12
41054,14,24,12
41055,15,24,12
41056,16,24,12
41057,17,24,12
41058,18,24,12
41059,19,24,12
41060,20,24,12
41061,21,24,12
41062,22,24,12
41063,23,24,12
41064,24,24,12
41065,25,24,12
41066,26,24,12
41067,27,24,12
41068,28,24,12
41069,29,24,12
41070,30,24,12
41071,31,24,12
41072,32,24,12
41073,33,24,12
41074,34,24,12
41075,35,24,12
41076,36,24,12
41077,37,24,12
41078,38,24,12
41079,39,24,12
41080,40,24,12
41081,41,24,12
41082,42,24,12
41083,43,24,12
41084,44,24,12
41085,45,24,12
41086,46,24,12
41087,47,24,12
41088,48,24,12
41089,49,24,12
41090,50,24,12
41091,51,24,12
41092,52,24,12
41093,53,24,12
41094,54,24,12
41095,55,24,12
41096,56,24,12
41097,57,24,12
41098,58,24,12
41099,59,24,12
41100,0,25,12
41101,1,25,12
41102,2,25,12
41103,3,25,12
41104,4,25,12
41105,5,25,12
41154,54,25,12
41155,55,25,12
41156,56,25,12
41157,57,25,12
41158,58,25,12
41159,59,25,12
41160,0,26,12
41161,1,26,12
41162,2,26,12
41163,3,26,12
41164,4,26,12
41165,5,26,12
41214,54,26,12
41215,55,26,12
41216,56,26,12
41217,57,26,12
41218,58,26,12
41219,59,26,12
41220,0,27,12
41221,1,27,12
41222,2,27,12
41223,3,27,12
41224,4,27,12
41225,5,27,12
41274,54,27,12
41275,55,27,12
41276,56,27,12
41277,57,27,12
41278,58,27,12
41279,59,27,12
41280,0,28,12
41281,1,28,12
41282,2,28,12
41283,3,28,12
41284,4,28,12
41285,5,28,12
41334,54,28,12
41335,55,28,12
41336,56,28,12
41337,57,28,12
41338,58,28,12
41339,59,28,12
41340,0,29,12
41341,1,29,12
41342,2,29,12
41343,3,29,12
41344,4,29,12
41345,5,29,12
41394,54,29,12
41395,55,29,12
41396,56,29,12
41397,57,29,12
41398,58,29,12
41399,59,29,12
41400,0,30,12
41401,1,30,12
41402,2,30,12
41403,3,30,12
41404,4,30,12
41405,5,30,12
41406,6,30,12
41407,7,30,12
41408,8,30,12
41409,9,30,12
41410,10,30,12
41411,11,30,12
41412,12,30,12
41413,13,30,12
41414,14,30,12
41415,15,30,12
41416,16,30,12
41417,17,30,12
41418,18,30,12
41419,19,30,12
41420,20,30,12
41421,21,30,12
41422,22,30,12
41423,23,30,12
41424,24,30,12
41425,25,30,12
41426,26,30,12
41427,27,30,12
41428,28,30,12
41429,29,30,12
41430,30,30,12
41431,31,30,12
41432,32,30,12
41433,33,30,12
41434,34,30,12
41435,35,30,12
41436,36,30,12
41437,37,30,12
41438,38,30,12
41439,39,30,12
41440,40,30,12
41441,41,30,12
41442,42,30,12
41443,43,30,12
41444,44,30,12
41445,45,30,12
41446,46,30,12
41447,47,30,12
41448,48,30,12
41449,49,30,12
41450,50,30,12
41451,51,30,12
41452,52,30,12
41453,53,30,12
41454,54,30,12
41455,55,30,12
41456,56,30,12
41457,57,30,12
41458,58,30,12
41459,59,30,12
41460,0,31,12
41461,1,31,12
41462,2,31,12
41463,3,31,12
41464,4,31,12
41465,5,31,12
41514,54,31,12
41515,55,31,12
41516,56,31,12
41517,57,31,12
41518,58,31,12
41519,59,31,12
41520,0,32,12
41521,1,32,12
41522,2,32,12
41523,3,32,12
41524,4,32,12
41525,5,32,12
41574,54,32,12
41575,55,32,12
41576,56,32,12
41577,57,32,12
41578,58,32,12
41579,59,32,12
41580,0,33,12
41581,1,33,12
41582,2,33,12
41583,3,33,12
41584,4,33,12
41585,5,33,12
41634,54,33,12
41635,55,33,12
41636,56,33,12
41637,57,33,12
41638,58,33,12
41639,59,33,12
41640,0,34,12
41641,1,34,12
41642,2,34,12
41643,3,34,12
41644,4,34,12
41645,5,34,12
41694,54,34,12
41695,55,34,12
41696,56,34,12
41697,57,34,12
41698,58,34,12
41699,59,34,12
41700,0,35,12
41701,1,35,12
41702,2,35,12
41703,3,35,12
41704,4,35,12
41705,5,35,12
41754,54,35,12
41755,55,35,12
41756,56,35,12
41757,57,35,12
41758,58,35,12
41759,59,35,12
41760,0,36,12
41761,1,36,12
41762,2,36,12
41763,3,36,12
41764,4,36,12
41765,5,36,12
41766,6,36,12
41767,7,36,12
41768,8,36,12
41769,9,36,12
41770,10,36,12
41771,11,36,12
41772,12,36,12
41773,13,36,12
41774,14,36,12
41775,15,36,12
41776,16,36,12
41777,17,36,12
41778,18,36,12
41779,19,36,12
41780,20,36,12
41781,21,36,12
41782,22,36,12
41783,23,36,12
41784,24,36,12
41785,25,36,12
41786,26,36,12
41787,27,36,12
41788,28,36,12
41789,29,36,12
41790,30,36,12
41791,31,36,12
41792,32,36,12
41793,33,36,12
41794,34,36,12
41795,35,36,12
41796,36,36,12
41797,37,36,12
41798,38,36,12
41799,39,36,12
41800,40,36,12
41801,41,36,12
41802,42,36,12
41803,43,36,12
41804,44,36,12
41805,45,36,12
41806,46,36,12
41807,47,36,12
41808,48,36,12
41809,49,36,12
41810,50,36,12
41811,51,36,12
41812,52,36,12
41813,53,36,12
41814,54,36,12
41815,55,36,12
41816,56,36,12
41817,57,36,12
41818,58,36,12
41819,59,36,12
41820,0,37,12
41821,1,37,12
41822,2,37,12
41823,3,37,12
41824,4,37,12
41825,5,37,12
41874,54,37,12
41875,55,37,12
41876,56,37,12
41877,57,37,12
41878,58,37,12
41879,59,37,12
41880,0,38,12
41881,1,38,12
41882,2,38,12
41883,3,38,12
41884,4,38,12
41885,5,38,12
41934,54,38,12
41935,55,38,12
41936,56,38,12
41937,57,38,12
41938,58,38,12
41939,59,38,12
41940,0,39,12
41941,1,39,12
41942,2,39,12
41943,3,39,12
41944,4,39,12
41945,5,39,12
41994,54,39,12
41995,55,39,12
41996,56,39,12
41997,57,39,12
41998,58,39,12
41999,59,39,12
42000,0,40,12
42001,1,40,12
42002,2,40,12
42003,3,40,12
42004,4,40,12
42005,5,40,12
42054,54,40,12
42055,55,40,12
42056,56,40,12
42057,57,40,12
42058,58,40,12
42059,59,40,12
42060,0,41,12
42061,1,41,12
42062,2,41,12
42063,3,41,12
42064,4,41,12
42065,5,41,12
42114,54,41,12
42115,55,41,12
42116,56,41,12
42117,57,41,12
42118,58,41,12
42119,59,41,12
42120,0,42,12
42121,1,42,12
42122,2,42,12
42123,3,42,12
42124,4,42,12
42125,5,42,12
42126,6,42,12
42127,7,42,12
42128,8,42,12
42129,9,42,12
42130,10,42,12
42131,11,42,12
42132,12,42,12
42133,13,42,12
42134,14,42,12
42135,15,42,12
42136,16,42,12
42137,17,42,12
42138,18,42,12
42139,19,42,12
42140,20,42,12
42141,21,42,12
42142,22,42,12
42143,23,42,12
42144,24,42,12
42145,25,42,12
42146,26,42,12
42147,27,42,12
42148,28,42,12
42149,29,42,12
42150,30,42,12
42151,31,42,12
42152,32,42,12
42153,33,42,12
42154,34,42,12
42155,35,42,12
42156,36,42,12
42157,37,42,12
42158,38,42,12
42159,39,42,12
42160,40,42,12
42161,41,42,12
42162,42,42,12
42163,43,42,12
42164,44,42,12
42165,45,42,12
42166,46,42,12
42167,47,42,12
42168,48,42,12
42169,49,42,12
42170,50,42,12
42171,51,42,12
42172,52,42,12
42173,53,42,12
42174,54,42,12
42175,55,42,12
42176,56,42,12
42177,57,42,12
42178,58,42,12
42179,59,42,12
42180,0,43,12
42181,1,43,12
42182,2,43,12
42183,3,43,12
42184,4,43,12
42185,5,43,12
42234,54,43,12
42235,55,43,12
42236,56,43,12
42237,57,43,12
42238,58,43,12
42239,59,43,12
42240,0,44,12
42241,1,44,12
42242,2,44,12
42243,3,44,12
42244,4,44,12
42245,5,44,12
42294,54,44,12
42295,55,44,12
42296,56,44,12
42297,57,44,12
42298,58,44,12
42299,59,44,12
42300,0,45,12
42301,1,45,12
42302,2,45,12
42303,3,45,12
42304,4,45,12
42305,5,45,12
42354,54,45,12
42355,55,45,12
42356,56,45,12
42357,57,45,12
42358,58,45,12
42359,59,45,12
42360,0,46,12
42361,1,46,12
42362,2,46,12
42363,3,46,12
42364,4,46,12
42365,5,46,12
42414,54,46,12
42415,55,46,12
42416,56,46,12
42417,57,46,12
42418,58,46,12
42419,59,46,12
42420,0,47,12
42421,1,47,12
42422,2,47,12
42423,3,47,12
42424,4,47,12
42425,5,47,12
42474,54,47,12
42475,55,47,12
42476,56,47,12
42477,57,47,12
42478,58,47,12
42479,59,47,12
42480,0,48,12
42481,1,48,12
42482,2,48,12
42483,3,48,12
42484,4,48,12
42485,5,48,12
42486,6,48,12
42487,7,48,12
42488,8,48,12
42489,9,48,12
42490,10,48,12
42491,11,48,12
42492,12,48,12
42493,13,48,12
42494,14,48,12
42495,15,48,12
42496,16,48,12
42497,17,48,12
42498,18,48,12
42499,19,48,12
42500,20,48,12
42501,21,48,12
42502,22,48,12
42503,23,48,12
42504,24,48,12
42505,25,48,12
42506,26,48,12
42507,27,48,12
42508,28,48,12
42509,29,48,12
42510,30,48,12
42511,31,48,12
42512,32,48,12
42513,33,48,12
42514,34,48,12
42515,35,48,12
42516,36,48,12
42517,37,48,12
42518,38,48,12
42519,39,48,12
42520,40,48,12
42521,41,48,12
42522,42,48,12
42523,43,48,12
42524,44,48,12
42525,45,48,12
42526,46,48,12
42527,47,48,12
42528,48,48,12
42529,49,48,12
42530,50,48,12
42531,51,48,12
42532,52,48,12
42533,53,48,12
42534,54,48,12
42535,55,48,12
42536,56,48,12
42537,57,48,12
42538,58,48,12
42539,59,48,12
42540,0,49,12
42541,1,49,12
42542,2,49,12
42543,3,49,12
42544,4,49,12
42545,5,49,12
42594,54,49,12
42595,55,49,12
42596,56,49,12
42597,57,49,12
42598,58,49,12
42599,59,49,12
42600,0,50,12
42601,1,50,12
42602,2,50,12
42603,3,50,12
42604,4,50,12
42605,5,50,12
42654,54,50,12
42655,55,50,12
42656,56,50,12
42657,57,50,12
42658,58,50,12
42659,59,50,12
42660,0,51,12
42661,1,51,12
42662,2,51,12
42663,3,51,12
42664,4,51,12
42665,5,51,12
42714,54,51,12
42715,55,51,12
42716,56,51,12
42717,57,51,12
42718,58,51,12
42719,59,51,12
42720,0,52,12
42721,1,52,12
42722,2,52,12
42723,3,52,12
42724,4,52,12
42725,5,52,12
42774,54,52,12
42775,55,52,12
42776,56,52,12
42777,57,52,12
42778,58,52,12
42779,59,52,12
42780,0,53,12
42781,1,53,12
42782,2,53,12
42783,3,53,12
42784,4,53,12
42785,5,53,12
42834,54,53,12
42835,55,53,12
42836,56,53,12
42837,57,53,12
42838,58,53,12
42839,59,53,12
42840,0,54,12
42841,1,54,12
42842,2,54,12
42843,3,54,12
42844,4,54,12
42845,5,54,12
42846,6,54,12
42847,7,54,12
42848,8,54,12
42849,9,54,12
42850,10,54,12
42851,11,54,12
42852,12,54,12
42853,13,54,12
42854,14,54,12
42855,15,54,12
42856,16,54,12
42857,17,54,12
42858,18,54,12
42859,19,54,12
42860,20,54,12
42861,21,54,12
42862,22,54,12
42863,23,54,12
42864,24,54,12
42865,25,54,12
42866,26,54,12
42867,27,54,12
42868,28,54,12
42869,29,54,12
42870,30,54,12
42871,31,54,12
42872,32,54,12
42873,33,54,12
42874,34,54,12
42875,35,54,12
42876,36,54,12
42877,37,54,12
42878,38,54,12
42879,39,54,12
42880,40,54,12
42881,41,54,12
42882,42,54,12
42883,43,54,12
42884,44,54,12
42885,45,54,12
42886,46,54,12
42887,47,54,12
42888,48,54,12
42889,49,54,12
42890,50,54,12
42891,51,54,12
42892,52,54,12
42893,53,54,12
42894,54,54,12
42895,55,54,12
42896,56,54,12
42897,57,54,12
42898,58,54,12
42899,59,54,12
42905,5,0,13
42906,6,0,13
42953,53,0,13
42954,54,0,13
43265,5,6,13
43266,6,6,13
43313,53,6,13
43314,54,6,13
43625,5,12,13
43626,6,12,13
43673,53,12,13
43674,54,12,13
43985,5,18,13
43986,6,18,13
44033,53,18,13
44034,54,18,13
44345,5,24,13
44346,6,24,13
44393,53,24,13
44394,54,24,13
44705,5,30,13
44706,6,30,13
44753,53,30,13
44754,54,30,13
45065,5,36,13
45066,6,36,13
45113,53,36,13
45114,54,36,13
45425,5,42,13
45426,6,42,13
45473,53,42,13
45474,54,42,13
45785,5,48,13
45786,6,48,13
45833,53,48,13
45834,54,48,13
46145,5,54,13
46146,6,54,13
46193,53,54,13
46194,54,54,13
46205,5,0,14
46206,6,0,14
46253,53,0,14
46254,54,0,14
46565,5,6,14
46566,6,6,14
46613,53,6,14
46614,54,6,14
46925,5,12,14
46926,6,12,14
46973,53,12,14
46974,54,12,14
47285,5,18,14
47286,6,18,14
47333,53,18,14
47334,54,18,14
47645,5,24,14
47646,6,24,14
47693,53,24,14
47694,54,24,14
48005,5,30,14
48006,6,30,14
48053,53,30,14
48054,54,30,14
48365,5,36,14
48366,6,36,14
48413,53,36,14
48414,54,36,14
48725,5,42,14
48726,6,42,14
48773,53,42,14
48774,54,42,14
49085,5,48,14
49086,6,48,14
49133,53,48,14
49134,54,48,14
49445,5,54,14
49446,6,54,14
49493,53,54,14
49494,54,54,14
49505,5,0,15
49506,6,0,15
49553,53,0,15
49554,54,0,15
49865,5,6,15
49866,6,6,15
49913,53,6,15
49914,54,6,15
50225,5,12,15
50226,6,12,15
50273,53,12,15
50274,54,12,15
50585,5,18,15
50586,6,18,15
50633,53,18,15
50634,54,18,15
50945,5,24,15
50946,6,24,15
50993,53,24,15
50994,54,24,15
51305,5,30,15
51306,6,30,15
51353,53,30,15
51354,54,30,15
51665,5,36,15
51666,6,36,15
51713,53,36,15
51714,54,36,15
52025,5,42,15
52026,6,42,15
52073,53,42,15
52074,54,42,15
52385,5,48,15
52386,6,48,15
52433,53,48,15
52434,54,48,15
52745,5,54,15
52746,6,54,15
52793,53,54,15
52794,54,54,15
52805,5,0,16
52806,6,0,16
52853,53,0,16
52854,54,0,16
53165,5,6,16
53166,6,6,16
53213,53,6,16
53214,54,6,16
53525,5,12,16
53526,6,12,16
53573,53,12,16
53574,54,12,16
53885,5,18,16
53886,6,18,16
53933,53,18,16
53934,54,18,16
54245,5,24,16
54246,6,24,16
54293,53,24,16
54294,54,24,16
54605,5,30,16
54606,6,30,16
54653,53,30,16
54654,54,30,16
54965,5,36,16
54966,6,36,16
55013,53,36,16
55014,54,36,16
55325,5,42,16
55326,6,42,16
55373,53,42,16
55374,54,42,16
55685,5,48,16
55686,6,48,16
55733,53,48,16
55734,54,48,16
56045,5,54,16
56046,6,54,16
56093,53,54,16
56094,54,54,16
56105,5,0,17
56106,6,0,17
56153,53,0,17
56154,54,0,17
56465,5,6,17
56466,6,6,17
56513,53,6,17
56514,54,6,17
56825,5,12,17
56826,6,12,17
56873,53,12,17
56874,54,12,17
57185,5,18,17
57186,6,18,17
57233,53,18,17
57234,54,18,17
57545,5,24,17
57546,6,24,17
57593,53,24,17
57594,54,24,17
57905,5,30,17
57906,6,30,17
57953,53,30,17
57954,54,30,17
58265,5,36,17
58266,6,36,17
58313,53,36,17
58314,54,36,17
58625,5,42,17
58626,6,42,17
58673,53,42,17
58674,54,42,17
58985,5,48,17
58986,6,48,17
59033,53,48,17
59034,54,48,17
59345,5,54,17
59346,6,54,17
59393,53,54,17
59394,54,54,17
59400,0,0,18
59401,1,0,18
59402,2,0,18
59403,3,0,18
59404,4,0,18
59405,5,0,18
59406,6,0,18
59407,7,0,18
59408,8,0,18
59409,9,0,18
59410,10,0,18
59411,11,0,18
59412,12,0,18
59413,13,0,18
59414,14,0,18
59415,15,0,18
59416,16,0,18
59417,17,0,18
59418,18,0,18
59419,19,0,18
59420,20,0,18
59421,21,0,18
59422,22,0,18
59423,23,0,18
59424,24,0,18
59425,25,0,18
59426,26,0,18
59427,27,0,18
59428,28,0,18
59429,29,0,18
59430,30,0,18
59431,31,0,18
59432,32,0,18
59433,33,0,18
59434,34,0,18
59435,35,0,18
59436,36,0,18
59437,37,0,18
59438,38,0,18
59439,39,0,18
59440,40,0,18
59441,41,0,18
59442,42,0,18
59443,43,0,18
59444,44,0,18
59445,45,0,18
59446,46,0,18
59447,47,0,18
59448,48,0,18
59449,49,0,18
59450,50,0,18
59451,51,0,18
59452,52,0,18
59453,53,0,18
59454,54,0,18
59455,55,0,18
59456,56,0,18
59457,57,0,18
59458,58,0,18
59459,59,0,18
59460,0,1,18
59461,1,1,18
59462,2,1,18
59463,3,1,18
59464,4,1,18
59465,5,1,18
59514,54,1,18
59515,55,1,18
59516,56,1,18
59517,57,1,18
59518,58,1,18
59519,59,1,18
59520,0,2,18
59521,1,2,18
59522,2,2,18
59523,3,2,18
59524,4,2,18
59525,5,2,18
59574,54,2,18
59575,55,2,18
59576,56,2,18
59577,57,2,18
59578,58,2,18
59579,59,2,18
59580,0,3,18
59581,1,3,18
59582,2,3,18
59583,3,3,18
59584,4,3,18
59585,5,3,18
59634,54,3,18
59635,55,3,18
59636,56,3,18
59637,57,3,18
59638,58,3,18
59639,59,3,18
59640,0,4,18
59641,1,4,18
59642,2,4,18
59643,3,4,18
59644,4,4,18
59645,5,4,18
59694,54,4,18
59695,55,4,18
59696,56,4,18
59697,57,4,18
59698,58,4,18
59699,59,4,18
59700,0,5,18
59701,1,5,18
59702,2,5,18
59703,3,5,18
59704,4,5,18
59705,5,5,18
59754,54,5,18
59755,55,5,18
59756,56,5,18
59757,57,5,18
59758,58,5,18
59759,59,5,18
59760,0,6,18
59761,1,6,18
59762,2,6,18
59763,3,6,18
59764,4,6,18
59765,5,6,18
59766,6,6,18
59767,7,6,18
59768,8,6,18
59769,9,6,18
59770,10,6,18
59771,11,6,18
59772,12,6,18
59773,13,6,18
59774,14,6,18
59775,15,6,18
59776,16,6,18
59777,17,6,18
59778,18,6,18
59779,19,6,18
59780,20,6,18
59781,21,6,18
59782,22,6,18
59783,23,6,18
59784,24,6,18
59785,25,6,18
59786,26,6,18
59787,27,6,18
59788,28,6,18
59789,29,6,18
59790,30,6,18
59791,31,6,18
59792,32,6,18
59793,33,6,18
59794,34,6,18
59795,35,6,18
59796,36,6,18
59797,37,6,18
59798,38,6,18
59799,39,6,18
59800,40,6,18
59801,41,6,18
59802,42,6,18
59803,43,6,18
59804,44,6,18
59805,45,6,18
59806,46,6,18
59807,47,6,18
59808,48,6,18
59809,49,6,18
59810,50,6,18
59811,51,6,18
59812,52,6,18
59813,53,6,18
59814,54,6,18
59815,55,6,18
59816,56,6,18
59817,57,6,18
59818,58,6,18
59819,59,6,18
59820,0,7,18
59821,1,7,18
59822,2,7,18
59823,3,7,18
59824,4,7,18
59825,5,7,18
59874,54,7,18
59875,55,7,18
59876,56,7,18
59877,57,7,18
59878,58,7,18
59879,59,7,18
59880,0,8,18
59881,1,8,18
59882,2,8,18
59883,3,8,18
59884,4,8,18
59885,5,8,18
59934,54,8,18
59935,55,8,18
59936,56,8,18
59937,57,8,18
59938,58,8,18
59939,59,8,18
59940,0,9,18
59941,1,9,18
59942,2,9,18
59943,3,9,18
59944,4,9,18
59945,5,9,18
59994,54,9,18
59995,55,9,18
59996,56,9,18
59997,57,9,18
59998,58,9,18
59999,59,9,18
60000,0,10,18
60001,1,10,18
60002,2,10,18
60003,3,10,18
60004,4,10,18
60005,5,10,18
60054,54,10,18
60055,55,10,18
60056,56,10,18
60057,57,10,18
60058,58,10,18
60059,59,10,18
60060,0,11,18
60061,1,11,18
60062,2,11,18
60063,3,11,18
60064,4,11,18
60065,5,11,18
60114,54,11,18
60115,55,11,18
60116,56,11,18
60117,57,11,18
60118,58,11,18
60119,59,11,18
60120,0,12,18
60121,1,12,18
60122,2,12,18
60123,3,12,18
60124,4,12,18
60125,5,12,18
60126,6,12,18
60127,7,12,18
60128,8,12,18
60129,9,12,18
60130,10,12,18
60131,11,12,18
60132,12,12,18
60133,13,12,18
60134,14,12,18
60135,15,12,18
60136,16,12,18
60137,17,12,18
60138,18,12,18
60139,19,12,18
60140,20,12,18
60141,21,12,18
60142,22,12,18
60143,23,12,18
60144,24,12,18
60145,25,12,18
60146,26,12,18
60147,27,12,18
60148,28,12,18
60149,29,12,18
60150,30,12,18
60151,31,12,18
60152,32,12,18
60153,33,12,18
60154,34,12,18
60155,35,12,18
60156,36,12,18
60157,37,12,18
60158,38,12,18
60159,39,12,18
60160,40,12,18
60161,41,12,18
60162,42,12,18
60163,43,12,18
60164,44,12,18
60165,45,12,18
60166,46,12,18
60167,47,12,18
60168,48,12,18
60169,49,12,18
60170,50,12,18
60171,51,12,18
60172,52,12,18
60173,53,12,18
60174,54,12,18
60175,55,12,18
60176,56,12,18
60177,57,12,18
60178,58,12,18
60179,59,12,18
60180,0,13,18
60181,1,13,18
60182,2,13,18
60183,3,13,18
60184,4,13,18
60185,5,13,18
60234,54,13,18
60235,55,13,18
60236,56,13,18
60237,57,13,18
60238,58,13,18
60239,59,13,18
60240,0,14,18
60241,1,14,18
60242,2,14,18
60243,3,14,18
60244,4,14,18
60245,5,14,18
60294,54,14,18
60295,55,14,18
60296,56,14,18
60297,57,14,18
60298,58,14,18
60299,59,14,18
60300,0,15,18
60301,1,15,18
60302,2,15,18
60303,3,15,18
60304,4,15,18
60305,5,15,18
60354,54,15,18
60355,55,15,18
60356,56,15,18
60357,57,15,18
60358,58,15,18
60359,59,15,18
60360,0,16,18
60361,1,16,18
60362,2,16,18
60363,3,16,18
60364,4,16,18
60365,5,16,18
60414,54,16,18
60415,55,16,18
60416,56,16,18
60417,57,16,18
60418,58,16,18
60419,59,16,18
60420,0,17,18
60421,1,17,18
60422,2,17,18
60423,3,17,18
60424,4,17,18
60425,5,17,18
60474,54,17,18
60475,55,17,18
60476,56,17,18
60477,57,17,18
60478,58,17,18
60479,59,17,18
60480,0,18,18
60481,1,18,18
60482,2,18,18
60483,3,18,18
60484,4,18,18
60485,5,18,18
60486,6,18,18
60487,7,18,18
60488,8,18,18
60489,9,18,18
60490,10,18,18
60491,11,18,18
60492,12,18,18
60493,13,18,18
60494,14,18,18
60495,15,18,18
60496,16,18,18
60497,17,18,18
60498,18,18,18
60499,19,18,18
60500,20,18,18
60501,21,18,18
60502,22,18,18
60503,23,18,18
60504,24,18,18
60505,25,18,18
60506,26,18,18
60507,27,18,18
60508,28,18,18
60509,29,18,18
60510,30,18,18
60511,31,18,18
60512,32,18,18
60513,33,18,18
60514,34,18,18
60515,35,18,18
60516,36,18,18
60517,37,18,18
60518,38,18,18
60519,39,18,18
60520,40,18,18
60521,41,18,18
60522,42,18,18
60523,43,18,18
60524,44,18,18
60525,45,18,18
60526,46,18,18
60527,47,18,18
60528,48,18,18
60529,49,18,18
60530,50,18,18
60531,51,18,18
60532,52,18,18
60533,53,18,18
60534,54,18,18
60535,55,18,18
60536,56,18,18
60537,57,18,18
60538,58,18,18
60539,59,18,18
60540,0,19,18
60541,1,19,18
60542,2,19,18
60543,3,19,18
60544,4,19,18
60545,5,19,18
60594,54,19,18
60595,55,19,18
60596,56,19,18
60597,57,19,18
60598,58,19,18
60599,59,19,18
60600,0,20,18
60601,1,20,18
60602,2,20,18
60603,3,20,18
60604,4,20,18
60605,5,20,18
60654,54,20,18
60655,55,20,18
60656,56,20,18
60657,57,20,18
60658,58,20,18
60659,59,20,18
60660,0,21,18
60661,1,21,18
60662,2,21,18
60663,3,21,18
60664,4,21,18
60665,5,21,18
60714,54,21,18
60715,55,21,18
60716,56,21,18
60717,57,21,18
60718,58,21,18
60719,59,21,18
60720,0,22,18
60721,1,22,18
60722,2,22,18
60723,3,22,18
60724,4,22,18
60725,5,22,18
60774,54,22,18
60775,55,22,18
60776,56,22,18
60777,57,22,18
60778,58,22,18
60779,59,22,18
60780,0,23,18
60781,1,23,18
60782,2,23,18
60783,3,23,18
60784,4,23,18
60785,5,23,18
60834,54,23,18
60835,55,23,18
60836,56,23,18
60837,57,23,18
60838,58,23,18
60839,59,23,18
60840,0,24,18
60841,1,24,18
60842,2,24,18
60843,3,24,18
60844,4,24,18
60845,5,24,18
60846,6,24,18
60847,7,24,18
60848,8,24,18
60849,9,24,18
60850,10,24,18
60851,11,24,18
60852,12,24,18
60853,13,24,18
60854,14,24,18
60855,15,24,18
60856,16,24,18
60857,17,24,18
60858,18,24,18
60859,19,24,18
60860,20,24,18
60861,21,24,18
60862,22,24,18
60863,23,24,18
60864,24,24,18
60865,25,24,18
60866,26,24,18
60867,27,24,18
60868,28,24,18
60869,29,24,18
60870,30,24,18
60871,31,24,18
60872,32,24,18
60873,33,24,18
60874,34,24,18
60875,35,24,18
60876,36,24,18
60877,37,24,18
60878,38,24,18
60879,39,24,18
60880,40,24,18
60881,41,24,18
60882,42,24,18
60883,43,24,18
60884,44,24,18
60885,45,24,18
60886,46,24,18
60887,47,24,18
60888,48,24,18
60889,49,24,18
60890,50,24,18
60891,51,24,18
60892,52,24,18
60893,53,24,18
60894,54,24,18
60895,55,24,18
60896,56,24,18
60897,57,24,18
60898,58,24,18
60899,59,24,18
60900,0,25,18
60901,1,25,18
60902,2,25,18
60903,3,25,18
60904,4,25,18
60905,5,25,18
60954,54,25,18
60955,55,25,18
60956,56,25,18
60957,57,25,18
60958,58,25,18
60959,59,25,18
60960,0,26,18
60961,1,26,18
60962,2,26,18
60963,3,26,18
60964,4,26,18
60965,5,26,18
61014,54,26,18
61015,55,26,18
61016,56,26,18
61017,57,26,18
61018,58,26,18
61019,59,26,18
61020,0,27,18
61021,1,27,18
61022,2,27,18
61023,3,27,18
61024,4,27,18
61025,5,27,18
61074,54,27,18
61075,55,27,18
61076,56,27,18
61077,57,27,18
61078,58,27,18
61079,59,27,18
61080,0,28,18
61081,1,28,18
61082,2,28,18
61083,3,28,18
61084,4,28,18
61085,5,28,18
61134,54,28,18
61135,55,28,18
61136,56,28,18
61137,57,28,18
61138,58,28,18
61139,59,28,18
61140,0,29,18
61141,1,29,18
61142,2,29,18
61143,3,29,18
61144,4,29,18
61145,5,29,18
61194,54,29,18
61195,55,29,18
61196,56,29,18
61197,57,29,18
61198,58,29,18
61199,59,29,18
61200,0,30,18
61201,1,30,18
61202,2,30,18
61203,3,30,18
61204,4,30,18
61205,5,30,18
61206,6,30,18
61207,7,30,18
61208,8,30,18
61209,9,30,18
61210,10,30,18
61211,11,30,18
61212,12,30,18
61213,13,30,18
61214,14,30,18
61215,15,30,18
61216,16,30,18
61217,17,30,18
61218,18,30,18
61219,19,30,18
61220,20,30,18
61221,21,30,18
61222,22,30,18
61223,23,30,18
61224,24,30,18
61225,25,30,18
61226,26,30,18
61227,27,30,18
61228,28,30,18
61229,29,30,18
61230,30,30,18
61231,31,30,18
61232,32,30,18
61233,33,30,18
61234,34,30,18
61235,35,30,18
61236,36,30,18
61237,37,30,18
61238,38,30,18
61239,39,30,18
61240,40,30,18
61241,41,30,18
61242,42,30,18
61243,43,30,18
61244,44,30,18
61245,45,30,18
61246,46,30,18
61247,47,30,18
61248,48,30,18
61249,49,30,18
61250,50,30,18
61251,51,30,18
61252,52,30,18
61253,53,30,18
61254,54,30,18
61255,55,30,18
61256,56,30,18
61257,57,30,18
61258,58,30,18
61259,59,30,18
61260,0,31,18
61261,1,31,18
61262,2,31,18
61263,3,31,18
61264,4,31,18
61265,5,31,18
61314,54,31,18
61315,55,31,18
61316,56,31,18
61317,57,31,18
61318,58,31,18
61319,59,31,18
61320,0,32,18
61321,1,32,18
61322,2,32,18
61323,3,32,18
61324,4,32,18
61325,5,32,18
61374,54,32,18
61375,55,32,18
61376,56,32,18
61377,57,32,18
61378,58,32,18
61379,59,32,18
61380,0,33,18
61381,1,33,18
61382,2,33,18
61383,3,33,18
61384,4,33,18
61385,5,33,18
61434,54,33,18
61435,55,33,18
61436,56,33,18
61437,57,33,18
61438,58,33,18
61439,59,33,18
61440,0,34,18
61441,1,34,18
61442,2,34,18
61443,3,34,18
61444,4,34,18
61445,5,34,18
61494,54,34,18
61495,55,34,18
61496,56,34,18
61497,57,34,18
61498,58,34,18
61499,59,34,18
61500,0,35,18
61501,1,35,18
61502,2,35,18
61503,3,35,18
61504,4,35,18
61505,5,35,18
61554,54,35,18
61555,55,35,18
61556,56,35,18
61557,57,35,18
61558,58,35,18
61559,59,35,18
61560,0,36,18
61561,1,36,18
61562,2,36,18
61563,3,36,18
61564,4,36,18
61565,5,36,18
61566,6,36,18
61567,7,36,18
61568,8,36,18
61569,9,36,18
61570,10,36,18
61571,11,36,18
61572,12,36,18
61573,13,36,18
61574,14,36,18
61575,15,36,18
61576,16,36,18
61577,17,36,18
61578,18,36,18
61579,19,36,18
61580,20,36,18
61581,21,36,18
61582,22,36,18
61583,23,36,18
61584,24,36,18
61585,25,36,18
61586,26,36,18
61587,27,36,18
61588,28,36,18
61589,29,36,18
61590,30,36,18
61591,31,36,18
61592,32,36,18
61593,33,36,18
61594,34,36,18
61595,35,36,18
61596,36,36,18
61597,37,36,18
61598,38,36,18
61599,39,36,18
61600,40,36,18
61601,41,36,18
61602,42,36,18
61603,43,36,18
61604,44,36,18
61605,45,36,18
61606,46,36,18
61607,47,36,18
61608,48,36,18
61609,49,36,18
61610,50,36,18
61611,51,36,18
61612,52,36,18
61613,53,36,18
61614,54,36,18
61615,55,36,18
61616,56,36,18
61617,57,36,18
61618,58,36,18
61619,59,36,18
61620,0,37,18
61621,1,37,18
61622,2,37,18
61623,3,37,18
61624,4,37,18
61625,5,37,18
61674,54,37,18
61675,55,37,18
61676,56,37,18
61677,57,37,18
61678,58,37,18
61679,59,37,18
61680,0,38,18
61681,1,38,18
61682,2,38,18
61683,3,38,18
61684,4,38,18
61685,5,38,18
61734,54,38,18
61735,55,38,18
61736,56,38,18
61737,57,38,18
61738,58,38,18
61739,59,38,18
61740,0,39,18
61741,1,39,18
61742,2,39,18
61743,3,39,18
61744,4,39,18
61745,5,39,18
61794,54,39,18
61795,55,39,18
61796,56,39,18
61797,57,39,18
61798,58,39,18
61799,59,39,18
61800,0,40,18
61801,1,40,18
61802,2,40,18
61803,3,40,18
61804,4,40,18
61805,5,40,18
61854,54,40,18
61855,55,40,18
61856,56,40,18
61857,57,40,18
61858,58,40,18
61859,59,40,18
61860,0,41,18
61861,1,41,18
61862,2,41,18
61863,3,41,18
61864,4,41,18
61865,5,41,18
61914,54,41,18
61915,55,41,18
61916,56,41,18
61917,57,41,18
61918,58,41,18
61919,59,41,18
61920,0,42,18
61921,1,42,18
61922,2,42,18
61923,3,42,18
61924,4,42,18
61925,5,42,18
61926,6,42,18
61927,7,42,18
61928,8,42,18
61929,9,42,18
61930,10,42,18
61931,11,42,18
61932,12,42,18
61933,13,42,18
61934,14,42,18
61935,15,42,18
61936,16,42,18
61937,17,42,18
61938,18,42,18
61939,19,42,18
61940,20,42,18
61941,21,42,18
61942,22,42,18
61943,23,42,18
61944,24,42,18
61945,25,42,18
61946,26,42,18
61947,27,42,18
61948,28,42,18
61949,29,42,18
61950,30,42,18
61951,31,42,18
61952,32,42,18
61953,33,42,18
61954,34,42,18
61955,35,42,18
61956,36,42,18
61957,37,42,18
61958,38,42,18
61959,39,42,18
61960,40,42,18
61961,41,42,18
61962,42,42,18
61963,43,42,18
61964,44,42,18
61965,45,42,18
61966,46,42,18
61967,47,42,18
61968,48,42,18
61969,49,42,18
61970,50,42,18
61971,51,42,18
61972,52,42,18
61973,53,42,18
61974,54,42,18
61975,55,42,18
61976,56,42,18
61977,57,42,18
61978,58,42,18
61979,59,42,18
61980,0,43,18
61981,1,43,18
61982,2,43,18
61983,3,43,18
61984,4,43,18
61985,5,43,18
62034,54,43,18
62035,55,43,18
62036,56,43,18
62037,57,43,18
62038,58,43,18
62039,59,43,18
62040,0,44,18
62041,1,44,18
62042,2,44,18
62043,3,44,18
62044,4,44,18
62045,5,44,18
62094,54,44,18
62095,55,44,18
62096,56,44,18
62097,57,44,18
62098,58,44,18
62099,59,44,18
62100,0,45,18
62101,1,45,18
62102,2,45,18
62103,3,45,18
62104,4,45,18
62105,5,45,18
62154,54,45,18
62155,55,45,18
62156,56,45,18
62157,57,45,18
62158,58,45,18
62159,59,45,18
62160,0,46,18
62161,1,46,18
62162,2,46,18
62163,3,46,18
62164,4,46,18
62165,5,46,18
62214,54,46,18
62215,55,46,18
62216,56,46,18
62217,57,46,18
62218,58,46,18
62219,59,46,18
62220,0,47,18
62221,1,47,18
62222,2,47,18
62223,3,47,18
62224,4,47,18
62225,5,47,18
62274,54,47,18
62275,55,47,18
62276,56,47,18
62277,57,47,18
62278,58,47,18
62279,59,47,18
62280,0,48,18
62281,1,48,18
62282,2,48,18
62283,3,48,18
62284,4,48,18
62285,5,48,18
62286,6,48,18
62287,7,48,18
62288,8,48,18
62289,9,48,18
62290,10,48,18
62291,11,48,18
62292,12,48,18
62293,13,48,18
62294,14,48,18
62295,15,48,18
62296,16,48,18
62297,17,48,18
62298,18,48,18
62299,19,48,18
62300,20,48,18
62301,21,48,18
62302,22,48,18
62303,23,48,18
62304,24,48,18
62305,25,48,18
62306,26,48,18
62307,27,48,18
62308,28,48,18
62309,29,48,18
62310,30,48,18
62311,31,48,18
62312,32,48,18
62313,33,48,18
62314,34,48,18
62315,35,48,18
62316,36,48,18
62317,37,48,18
62318,38,48,18
62319,39,48,18
62320,40,48,18
62321,41,48,18
62322,42,48,18
62323,43,48,18
62324,44,48,18
62325,45,48,18
62326,46,48,18
62327,47,48,18
62328,48,48,18
62329,49,48,18
62330,50,48,18
62331,51,48,18
62332,52,48,18
62333,53,48,18
62334,54,48,18
62335,55,48,18
62336,56,48,18
62337,57,48,18
62338,58,48,18
62339,59,48,18
62340,0,49,18
62341,1,49,18
62342,2,49,18
62343,3,49,18
62344,4,49,18
62345,5,49,18
62394,54,49,18
62395,55,49,18
62396,56,49,18
62397,57,49,18
62398,58,49,18
62399,59,49,18
62400,0,50,18
62401,1,50,18
62402,2,50,18
62403,3,50,18
62404,4,50,18
62405,5,50,18
62454,54,50,18
62455,55,50,18
62456,56,50,18
62457,57,50,18
62458,58,50,18
62459,59,50,18
62460,0,51,18
62461,1,51,18
62462,2,51,18
62463,3,51,18
62464,4,51,18
62465,5,51,18
62514,54,51,18
62515,55,51,18
62516,56,51,18
62517,57,51,18
62518,58,51,18
62519,59,51,18
62520,0,52,18
62521,1,52,18
62522,2,52,18
62523,3,52,18
62524,4,52,18
62525,5,52,18
62574,54,52,18
62575,55,52,18
62576,56,52,18
62577,57,52,18
62578,58,52,18
62579,59,52,18
62580,0,53,18
62581,1,53,18
62582,2,53,18
62583,3,53,18
62584,4,53,18
62585,5,53,18
62634,54,53,18
62635,55,53,18
62636,56,53,18
62637,57,53,18
62638,58,53,18
62639,59,53,18
62640,0,54,18
62641,1,54,18
62642,2,54,18
62643,3,54,18
62644,4,54,18
62645,5,54,18
62646,6,54,18
62647,7,54,18
62648,8,54,18
62649,9,54,18
62650,10,54,18
62651,11,54,18
62652,12,54,18
62653,13,54,18
62654,14,54,18
62655,15,54,18
62656,16,54,18
62657,17,54,18
62658,18,54,18
62659,19,54,18
62660,20,54,18
62661,21,54,18
62662,22,54,18
62663,23,54,18
62664,24,54,18
62665,25,54,18
62666,26,54,18
62667,27,54,18
62668,28,54,18
62669,29,54,18
62670,30,54,18
62671,31,54,18
62672,32,54,18
62673,33,54,18
62674,34,54,18
62675,35,54,18
62676,36,54,18
62677,37,54,18
62678,38,54,18
62679,39,54,18
62680,40,54,18
62681,41,54,18
62682,42,54,18
62683,43,54,18
62684,44,54,18
62685,45,54,18
62686,46,54,18
62687,47,54,18
62688,48,54,18
62689,49,54,18
62690,50,54,18
62691,51,54,18
62692,52,54,18
62693,53,54,18
62694,54,54,18
62695,55,54,18
62696,56,54,18
62697,57,54,18
62698,58,54,18
62699,59,54,18
62705,5,0,19
62706,6,0,19
62753,53,0,19
62754,54,0,19
63065,5,6,19
63066,6,6,19
63113,53,6,19
63114,54,6,19
63425,5,12,19
63426,6,12,19
63473,53,12,19
63474,54,12,19
63785,5,18,19
63786,6,18,19
63833,53,18,19
63834,54,18,19
64145,5,24,19
64146,6,24,19
64193,53,24,19
64194,54,24,19
64505,5,30,19
64506,6,30,19
64553,53,30,19
64554,54,30,19
64865,5,36,19
64866,6,36,19
64913,53,36,19
64914,54,36,19
65225,5,42,19
65226,6,42,19
65273,53,42,19
65274,54,42,19
65585,5,48,19
65586,6,48,19
65633,53,48,19
65634,54,48,19
65945,5,54,19
65946,6,54,19
65993,53,54,19
65994,54,54,19
66005,5,0,20
66006,6,0,20
66053,53,0,20
66054,54,0,20
66365,5,6,20
66366,6,6,20
66413,53,6,20
66414,54,6,20
66725,5,12,20
66726,6,12,20
66773,53,12,20
66774,54,12,20
67085,5,18,20
67086,6,18,20
67133,53,18,20
67134,54,18,20
67445,5,24,20
67446,6,24,20
67493,53,24,20
67494,54,24,20
67805,5,30,20
67806,6,30,20
67853,53,30,20
67854,54,30,20
68165,5,36,20
68166,6,36,20
68213,53,36,20
68214,54,36,20
68525,5,42,20
68526,6,42,20
68573,53,42,20
68574,54,42,20
68885,5,48,20
68886,6,48,20
68933,53,48,20
68934,54,48,20
69245,5,54,20
69246,6,54,20
69293,53,54,20
69294,54,54,20
69305,5,0,21
69306,6,0,21
69353,53,0,21
69354,54,0,21
69665,5,6,21
69666,6,6,21
69713,53,6,21
69714,54,6,21
70025,5,12,21
70026,6,12,21
70073,53,12,21
70074,54,12,21
70385,5,18,21
70386,6,18,21
70433,53,18,21
70434,54,18,21
70745,5,24,21
70746,6,24,21
70793,53,24,21
70794,54,24,21
71105,5,30,21
71106,6,30,21
71153,53,30,21
71154,54,30,21
71465,5,36,21
71466,6,36,21
71513,53,36,21
71514,54,36,21
71825,5,42,21
71826,6,42,21
71873,53,42,21
71874,54,42,21
72185,5,48,21
72186,6,48,21
72233,53,48,21
72234,54,48,21
72545,5,54,21
72546,6,54,21
72593,53,54,21
72594,54,54,21
72605,5,0,22
72606,6,0,22
72653,53,0,22
72654,54,0,22
72965,5,6,22
72966,6,6,22
73013,53,6,22
73014,54,6,22
73325,5,12,22
73326,6,12,22
73373,53,12,22
73374,54,12,22
73685,5,18,22
73686,6,18,22
73733,53,18,22
73734,54,18,22
74045,5,24,22
74046,6,24,22
74093,53,24,22
74094,54,24,22
74405,5,30,22
74406,6,30,22
74453,53,30,22
74454,54,30,22
74765,5,36,22
74766,6,36,22
74813,53,36,22
74814,54,36,22
75125,5,42,22
75126,6,42,22
75173,53,42,22
75174,54,42,22
75485,5,48,22
75486,6,48,22
75533,53,48,22
75534,54,48,22
75845,5,54,22
75846,6,54,22
75893,53,54,22
75894,54,54,22
75905,5,0,23
75906,6,0,23
75953,53,0,23
75954,54,0,23
76265,5,6,23
76266,6,6,23
76313,53,6,23
76314,54,6,23
76625,5,12,23
76626,6,12,23
76673,53,12,23
76674,54,12,23
76985,5,18,23
76986,6,18,23
77033,53,18,23
77034,54,18,23
77345,5,24,23
77346,6,24,23
77393,53,24,23
77394,54,24,23
77705,5,30,23
77706,6,30,23
77753,53,30,23
77754,54,30,23
78065,5,36,23
78066,6,36,23
78113,53,36,23
78114,54,36,23
78425,5,42,23
78426,6,42,23
78473,53,42,23
78474,54,42,23
78785,5,48,23
78786,6,48,23
78833,53,48,23
78834,54,48,23
79145,5,54,23
79146,6,54,23
79193,53,54,23
79194,54,54,23
79200,0,0,24
79201,1,0,24
79202,2,0,24
79203,3,0,24
79204,4,0,24
79205,5,0,24
79206,6,0,24
79207,7,0,24
79208,8,0,24
79209,9,0,24
79210,10,0,24
79211,11,0,24
79212,12,0,24
79213,13,0,24
79214,14,0,24
79215,15,0,24
79216,16,0,24
79217,17,0,24
79218,18,0,24
79219,19,0,24
79220,20,0,24
79221,21,0,24
79222,22,0,24
79223,23,0,24
79224,24,0,24
79225,25,0,24
79226,26,0,24
79227,27,0,24
79228,28,0,24
79229,29,0,24
79230,30,0,24
79231,31,0,24
79232,32,0,24
79233,33,0,24
79234,34,0,24
79235,35,0,24
79236,36,0,24
79237,37,0,24
79238,38,0,24
79239,39,0,24
79240,40,0,24
79241,41,0,24
79242,42,0,24
79243,43,0,24
79244,44,0,24
79245,45,0,24
79246,46,0,24
79247,47,0,24
79248,48,0,24
79249,49,0,24
79250,50,0,24
79251,51,0,24
79252,52,0,24
79253,53,0,24
79254,54,0,24
79255,55,0,24
79256,56,0,24
79257,57,0,24
79258,58,0,24
79259,59,0,24
79260,0,1,24
79261,1,1,24
79262,2,1,24
79263,3,1,24
79264,4,1,24
79265,5,1,24
79314,54,1,24
79315,55,1,24
79316,56,1,24
79317,57,1,24
79318,58,1,24
79319,59,1,24
79320,0,2,24
79321,1,2,24
79322,2,2,24
79323,3,2,24
79324,4,2,24
79325,5,2,24
79374,54,2,24
79375,55,2,24
79376,56,2,24
79377,57,2,24
79378,58,2,24
79379,59,2,24
79380,0,3,24
79381,1,3,24
79382,2,3,24
79383,3,3,24
79384,4,3,24
79385,5,3,24
79434,54,3,24
79435,55,3,24
79436,56,3,24
79437,57,3,24
79438,58,3,24
79439,59,3,24
79440,0,4,24
79441,1,4,24
79442,2,4,24
79443,3,4,24
79444,4,4,24
79445,5,4,24
79494,54,4,24
79495,55,4,24
79496,56,4,24
79497,57,4,24
79498,58,4,24
79499,59,4,24
79500,0,5,24
79501,1,5,24
79502,2,5,24
79503,3,5,24
79504,4,5,24
79505,5,5,24
79554,54,5,24
79555,55,5,24
79556,56,5,24
79557,57,5,24
79558,58,5,24
79559,59,5,24
79560,0,6,24
79561,1,6,24
79562,2,6,24
79563,3,6,24
79564,4,6,24
79565,5,6,24
79566,6,6,24
79567,7,6,24
79568,8,6,24
79569,9,6,24
79570,10,6,24
79571,11,6,24
79572,12,6,24
79573,13,6,24
79574,14,6,24
79575,15,6,24
79576,16,6,24
79577,17,6,24
79578,18,6,24
79579,19,6,24
79580,20,6,24
79581,21,6,24
79582,22,6,24
79583,23,6,24
79584,24,6,24
79585,25,6,24
79586,26,6,24
79587,27,6,24
79588,28,6,24
79589,29,6,24
79590,30,6,24
79591,31,6,24
79592,32,6,24
79593,33,6,24
79594,34,6,24
79595,35,6,24
79596,36,6,24
79597,37,6,24
79598,38,6,24
79599,39,6,24
79600,40,6,24
79601,41,6,24
79602,42,6,24
79603,43,6,24
79604,44,6,24
79605,45,6,24
79606,46,6,24
79607,47,6,24
79608,48,6,24
79609,49,6,24
79610,50,6,24
79611,51,6,24
79612,52,6,24
79613,53,6,24
79614,54,6,24
79615,55,6,24
79616,56,6,24
79617,57,6,24
79618,58,6,24
79619,59,6,24
79620,0,7,24
79621,1,7,24
79622,2,7,24
79623,3,7,24
79624,4,7,24
79625,5,7,24
79674,54,7,24
79675,55,7,24
79676,56,7,24
79677,57,7,24
79678,58,7,24
79679,59,7,24
79680,0,8,24
79681,1,8,24
79682,2,8,24
79683,3,8,24
79684,4,8,24
79685,5,8,24
79734,54,8,24
79735,55,8,24
79736,56,8,24
79737,57,8,24
79738,58,8,24
79739,59,8,24
79740,0,9,24
79741,1,9,24
79742,2,9,24
79743,3,9,24
79744,4,9,24
79745,5,9,24
79794,54,9,24
79795,55,9,24
79796,56,9,24
79797,57,9,24
79798,58,9,24
79799,59,9,24
79800,0,10,24
79801,1,10,24
79802,2,10,24
79803,3,10,24
79804,4,10,24
79805,5,10,24
79854,54,10,24
79855,55,10,24
79856,56,10,24
79857,57,10,24
79858,58,10,24
79859,59,10,24
79860,0,11,24
79861,1,11,24
79862,2,11,24
79863,3,11,24
79864,4,11,24
79865,5,11,24
79914,54,11,24
79915,55,11,24
79916,56,11,24
79917,57,11,24
79918,58,11,24
79919,59,11,24
79920,0,12,24
79921,1,12,24
79922,2,12,24
79923,3,12,24
79924,4,12,24
79925,5,12,24
79926,6,12,24
79927,7,12,24
79928,8,12,24
79929,9,12,24
79930,10,12,24
79931,11,12,24
79932,12,12,24
79933,13,12,24
79934,14,12,24
79935,15,12,24
79936,16,12,24
79937,17,12,24
79938,18,12,24
79939,19,12,24
79940,20,12,24
79941,21,12,24
79942,22,12,24
79943,23,12,24
79944,24,12,24
79945,25,12,24
79946,26,12,24
79947,27,12,24
79948,28,12,24
79949,29,12,24
79950,30,12,24
79951,31,12,24
79952,32,12,24
79953,33,12,24
79954,34,12,24
79955,35,12,24
79956,36,12,24
79957,37,12,24
79958,38,12,24
79959,39,12,24
79960,40,12,24
79961,41,12,24
79962,42,12,24
79963,43,12,24
79964,44,12,24
79965,45,12,24
79966,46,12,24
79967,47,12,24
79968,48,12,24
79969,49,12,24
79970,50,12,24
79971,51,12,24
79972,52,12,24
79973,53,12,24
79974,54,12,24
79975,55,12,24
79976,56,12,24
79977,57,12,24
79978,58,12,24
79979,59,12,24
79980,0,13,24
79981,1,13,24
79982,2,13,24
79983,3,13,24
79984,4,13,24
79985,5,13,24
80034,54,13,24
80035,55,13,24
80036,56,13,24
80037,57,13,24
80038,58,13,24
80039,59,13,24
80040,0,14,24
80041,1,14,24
80042,2,14,24
80043,3,14,24
80044,4,14,24
80045,5,14,24
80094,54,14,24
80095,55,14,24
80096,56,14,24
80097,57,14,24
80098,58,14,24
80099,59,14,24
80100,0,15,24
80101,1,15,24
80102,2,15,24
80103,3,15,24
80104,4,15,24
80105,5,15,24
80154,54,15,24
80155,55,15,24
80156,56,15,24
80157,57,15,24
80158,58,15,24
80159,59,15,24
80160,0,16,24
80161,1,16,24
80162,2,16,24
80163,3,16,24
80164,4,16,24
80165,5,16,24
80214,54,16,24
80215,55,16,24
80216,56,16,24
80217,57,16,24
80218,58,16,24
80219,59,16,24
80220,0,17,24
80221,1,17,24
80222,2,17,24
80223,3,17,24
80224,4,17,24
80225,5,17,24
80274,54,17,24
80275,55,17,24
80276,56,17,24
80277,57,17,24
80278,58,17,24
80279,59,17,24
80280,0,18,24
80281,1,18,24
80282,2,18,24
80283,3,18,24
80284,4,18,24
80285,5,18,24
80286,6,18,24
80287,7,18,24
80288,8,18,24
80289,9,18,24
80290,10,18,24
80291,11,18,24
80292,12,18,24
80293,13,18,24
80294,14,18,24
80295,15,18,24
80296,16,18,24
80297,17,18,24
80298,18,18,24
80299,19,18,24
80300,20,18,24
80301,21,18,24
80302,22,18,24
80303,23,18,24
80304,24,18,24
80305,25,18,24
80306,26,18,24
80307,27,18,24
80308,28,18,24
80309,29,18,24
80310,30,18,24
80311,31,18,24
80312,32,18,24
80313,33,18,24
80314,34,18,24
80315,35,18,24
80316,36,18,24
80317,37,18,24
80318,38,18,24
80319,39,18,24
80320,40,18,24
80321,41,18,24
80322,42,18,24
80323,43,18,24
80324,44,18,24
80325,45,18,24
80326,46,18,24
80327,47,18,24
80328,48,18,24
80329,49,18,24
80330,50,18,24
80331,51,18,24
80332,52,18,24
80333,53,18,24
80334,54,18,24
80335,55,18,24
80336,56,18,24
80337,57,18,24
80338,58,18,24
80339,59,18,24
80340,0,19,24
80341,1,19,24
80342,2,19,24
80343,3,19,24
80344,4,19,24
80345,5,19,24
80394,54,19,24
80395,55,19,24
80396,56,19,24
80397,57,19,24
80398,58,19,24
80399,59,19,24
80400,0,20,24
80401,1,20,24
80402,2,20,24
80403,3,20,24
80404,4,20,24
80405,5,20,24
80454,54,20,24
80455,55,20,24
80456,56,20,24
80457,57,20,24
80458,58,20,24
80459,59,20,24
80460,0,21,24
80461,1,21,24
80462,2,21,24
80463,3,21,24
80464,4,21,24
80465,5,21,24
80514,54,21,24
80515,55,21,24
80516,56,21,24
80517,57,21,24
80518,58,21,24
80519,59,21,24
80520,0,22,24
80521,1,22,24
80522,2,22,24
80523,3,22,24
80524,4,22,24
80525,5,22,24
80574,54,22,24
80575,55,22,24
80576,56,22,24
80577,57,22,24
80578,58,22,24
80579,59,22,24
80580,0,23,24
80581,1,23,24
80582,2,23,24
80583,3,23,24
80584,4,23,24
80585,5,23,24
80634,54,23,24
80635,55,23,24
80636,56,23,24
80637,57,23,24
80638,58,23,24
80639,59,23,24
80640,0,24,24
80641,1,24,24
80642,2,24,24
80643,3,24,24
80644,4,24,24
80645,5,24,24
80646,6,24,24
80647,7,24,24
80648,8,24,24
80649,9,24,24
80650,10,24,24
80651,11,24,24
80652,12,24,24
80653,13,24,24
80654,14,24,24
80655,15,24,24
80656,16,24,24
80657,17,24,24
80658,18,24,24
80659,19,24,24
80660,20,24,24
80661,21,24,24
80662,22,24,24
80663,23,24,24
80664,24,24,24
80665,25,24,24
80666,26,24,24
80667,27,24,24
80668,28,24,24
80669,29,24,24
80670,30,24,24
80671,31,24,24
80672,32,24,24
80673,33,24,24
80674,34,24,24
80675,35,24,24
80676,36,24,24
80677,37,24,24
80678,38,24,24
80679,39,24,24
80680,40,24,24
80681,41,24,24
80682,42,24,24
80683,43,24,24
80684,44,24,24
80685,45,24,24
80686,46,24,24
80687,47,24,24
80688,48,24,24
80689,49,24,24
80690,50,24,24
80691,51,24,24
80692,52,24,24
80693,53,24,24
80694,54,24,24
80695,55,24,24
80696,56,24,24
80697,57,24,24
80698,58,24,24
80699,59,24,24
80700,0,25,24
80701,1,25,24
80702,2,25,24
80703,3,25,24
80704,4,25,24
80705,5,25,24
80754,54,25,24
80755,55,25,24
80756,56,25,24
80757,57,25,24
80758,58,25,24
80759,59,25,24
80760,0,26,24
80761,1,26,24
80762,2,26,24
80763,3,26,24
80764,4,26,24
80765,5,26,24
80814,54,26,24
80815,55,26,24
80816,56,26,24
80817,57,26,24
80818,58,26,24
80819,59,26,24
80820,0,27,24
80821,1,27,24
80822,2,27,24
80823,3,27,24
80824,4,27,24
80825,5,27,24
80874,54,27,24
80875,55,27,24
80876,56,27,24
80877,57,27,24
80878,58,27,24
80879,59,27,24
80880,0,28,24
80881,1,28,24
80882,2,28,24
80883,3,28,24
80884,4,28,24
80885,5,28,24
80934,54,28,24
80935,55,28,24
80936,56,28,24
80937,57,28,24
80938,58,28,24
80939,59,28,24
80940,0,29,24
80941,1,29,24
80942,2,29,24
80943,3,29,24
80944,4,29,24
80945,5,29,24
80994,54,29,24
80995,55,29,24
80996,56,29,24
80997,57,29,24
80998,58,29,24
80999,59,29,24
81000,0,30,24
81001,1,30,24
81002,2,30,24
81003,3,30,24
81004,4,30,24
81005,5,30,24
81006,6,30,24
81007,7,30,24
81008,8,30,24
81009,9,30,24
81010,10,30,24
81011,11,30,24
81012,12,30,24
81013,13,30,24
81014,14,30,24
81015,15,30,24
81016,16,30,24
81017,17,30,24
81018,18,30,24
81019,19,30,24
81020,20,30,24
81021,21,30,24
81022,22,30,24
81023,23,30,24
81024,24,30,24
81025,25,30,24
81026,26,30,24
81027,27,30,24
81028,28,30,24
81029,29,30,24
81030,30,30,24
81031,31,30,24
81032,32,30,24
81033,33,30,24
81034,34,30,24
81035,35,30,24
81036,36,30,24
81037,37,30,24
81038,38,30,24
81039,39,30,24
81040,40,30,24
81041,41,30,24
81042,42,30,24
81043,43,30,24
81044,44,30,24
81045,45,30,24
81046,46,30,24
81047,47,30,24
81048,48,30,24
81049,49,30,24
81050,50,30,24
81051,51,30,24
81052,52,30,24
81053,53,30,24
81054,54,30,24
81055,55,30,24
81056,56,30,24
81057,57,30,24
81058,58,30,24
81059,59,30,24
81060,0,31,24
81061,1,31,24
81062,2,31,24
81063,3,31,24
81064,4,31,24
81065,5,31,24
81114,54,31,24
81115,55,31,24
81116,56,31,24
81117,57,31,24
81118,58,31,24
81119,59,31,24
81120,0,32,24
81121,1,32,24
81122,2,32,24
81123,3,32,24
81124,4,32,24
81125,5,32,24
81174,54,32,24
81175,55,32,24
81176,56,32,24
81177,57,32,24
81178,58,32,24
81179,59,32,24
81180,0,33,24
81181,1,33,24
81182,2,33,24
81183,3,33,24
81184,4,33,24
81185,5,33,24
81234,54,33,24
81235,55,33,24
81236,56,33,24
81237,57,33,24
81238,58,33,24
81239,59,33,24
81240,0,34,24
81241,1,34,24
81242,2,34,24
81243,3,34,24
81244,4,34,24
81245,5,34,24
81294,54,34,24
81295,55,34,24
81296,56,34,24
81297,57,34,24
81298,58,34,24
81299,59,34,24
81300,0,35,24
81301,1,35,24
81302,2,35,24
81303,3,35,24
81304,4,35,24
81305,5,35,24
81354,54,35,24
81355,55,35,24
81356,56,35,24
81357,57,35,24
81358,58,35,24
81359,59,35,24
81360,0,36,24
81361,1,36,24
81362,2,36,24
81363,3,36,24
81364,4,36,24
81365,5,36,24
81366,6,36,24
81367,7,36,24
81368,8,36,24
81369,9,36,24
81370,10,36,24
81371,11,36,24
81372,12,36,24
81373,13,36,24
81374,14,36,24
81375,15,36,24
81376,16,36,24
81377,17,36,24
81378,18,36,24
81379,19,36,24
81380,20,36,24
81381,21,36,24
81382,22,36,24
81383,23,36,24
81384,24,36,24
81385,25,36,24
81386,26,36,24
81387,27,36,24
81388,28,36,24
81389,29,36,24
81390,30,36,24
81391,31,36,24
81392,32,36,24
81393,33,36,24
81394,34,36,24
81395,35,36,24
81396,36,36,24
81397,37,36,24
81398,38,36,24
81399,39,36,24
81400,40,36,24
81401,41,36,24
81402,42,36,24
81403,43,36,24
81404,44,36,24
81405,45,36,24
81406,46,36,24
81407,47,36,24
81408,48,36,24
81409,49,36,24
81410,50,36,24
81411,51,36,24
81412,52,36,24
81413,53,36,24
81414,54,36,24
81415,55,36,24
81416,56,36,24
81417,57,36,24
81418,58,36,24
81419,59,36,24
81420,0,37,24
81421,1,37,24
81422,2,37,24
81423,3,37,24
81424,4,37,24
81425,5,37,24
81474,54,37,24
81475,55,37,24
81476,56,37,24
81477,57,37,24
81478,58,37,24
81479,59,37,24
81480,0,38,24
81481,1,38,24
81482,2,38,24
81483,3,38,24
81484,4,38,24
81485,5,38,24
81534,54,38,24
81535,55,38,24
81536,56,38,24
81537,57,38,24
81538,58,38,24
81539,59,38,24
81540,0,39,24
81541,1,39,24
81542,2,39,24
81543,3,39,24
81544,4,39,24
81545,5,39,24
81594,54,39,24
81595,55,39,24
81596,56,39,24
81597,57,39,24
81598,58,39,24
81599,59,39,24
81600,0,40,24
81601,1,40,24
81602,2,40,24
81603,3,40,24
81604,4,40,24
81605,5,40,24
81654,54,40,24
81655,55,40,24
81656,56,40,24
81657,57,40,24
81658,58,40,24
81659,59,40,24
81660,0,41,24
81661,1,41,24
81662,2,41,24
81663,3,41,24
81664,4,41,24
81665,5,41,24
81714,54,41,24
81715,55,41,24
81716,56,41,24
81717,57,41,24
81718,58,41,24
81719,59,41,24
81720,0,42,24
81721,1,42,24
81722,2,42,24
81723,3,42,24
81724,4,42,24
81725,5,42,24
81726,6,42,24
81727,7,42,24
81728,8,42,24
81729,9,42,24
81730,10,42,24
81731,11,42,24
81732,12,42,24
81733,13,42,24
81734,14,42,24
81735,15,42,24
81736,16,42,24
81737,17,42,24
81738,18,42,24
81739,19,42,24
81740,20,42,24
81741,21,42,24
81742,22,42,24
81743,23,42,24
81744,24,42,24
81745,25,42,24
81746,26,42,24
81747,27,42,24
81748,28,42,24
81749,29,42,24
81750,30,42,24
81751,31,42,24
81752,32,42,24
81753,33,42,24
81754,34,42,24
81755,35,42,24
81756,36,42,24
81757,37,42,24
81758,38,42,24
81759,39,42,24
81760,40,42,24
81761,41,42,24
81762,42,42,24
81763,43,42,24
81764,44,42,24
81765,45,42,24
81766,46,42,24
81767,47,42,24
81768,48,42,24
81769,49,42,24
81770,50,42,24
81771,51,42,24
81772,52,42,24
81773,53,42,24
81774,54,42,24
81775,55,42,24
81776,56,42,24
81777,57,42,24
81778,58,42,24
81779,59,42,24
81780,0,43,24
81781,1,43,24
81782,2,43,24
81783,3,43,24
81784,4,43,24
81785,5,43,24
81834,54,43,24
81835,55,43,24
81836,56,43,24
81837,57,43,24
81838,58,43,24
81839,59,43,24
81840,0,44,24
81841,1,44,24
81842,2,44,24
81843,3,44,24
81844,4,44,24
81845,5,44,24
81894,54,44,24
81895,55,44,24
81896,56,44,24
81897,57,44,24
81898,58,44,24
81899,59,44,24
81900,0,45,24
81901,1,45,24
81902,2,45,24
81903,3,45,24
81904,4,45,24
81905,5,45,24
81954,54,45,24
81955,55,45,24
81956,56,45,24
81957,57,45,24
81958,58,45,24
81959,59,45,24
81960,0,46,24
81961,1,46,24
81962,2,46,24
81963,3,46,24
81964,4,46,24
81965,5,46,24
82014,54,46,24
82015,55,46,24
82016,56,46,24
82017,57,46,24
82018,58,46,24
82019,59,46,24
82020,0,47,24
82021,1,47,24
82022,2,47,24
82023,3,47,24
82024,4,47,24
82025,5,47,24
82074,54,47,24
82075,55,47,24
82076,56,47,24
82077,57,47,24
82078,58,47,24
82079,59,47,24
82080,0,48,24
82081,1,48,24
82082,2,48,24
82083,3,48,24
82084,4,48,24
82085,5,48,24
82086,6,48,24
82087,7,48,24
82088,8,48,24
82089,9,48,24
82090,10,48,24
82091,11,48,24
82092,12,48,24
82093,13,48,24
82094,14,48,24
82095,15,48,24
82096,16,48,24
82097,17,48,24
82098,18,48,24
82099,19,48,24
82100,20,48,24
82101,21,48,24
82102,22,48,24
82103,23,48,24
82104,24,48,24
82105,25,48,24
82106,26,48,24
82107,27,48,24
82108,28,48,24
82109,29,48,24
82110,30,48,24
82111,31,48,24
82112,32,48,24
82113,33,48,24
82114,34,48,24
82115,35,48,24
82116,36,48,24
82117,37,48,24
82118,38,48,24
82119,39,48,24
82120,40,48,24
82121,41,48,24
82122,42,48,24
82123,43,48,24
82124,44,48,24
82125,45,48,24
82126,46,48,24
82127,47,48,24
82128,48,48,24
82129,49,48,24
82130,50,48,24
82131,51,48,24
82132,52,48,24
82133,53,48,24
82134,54,48,24
82135,55,48,24
82136,56,48,24
82137,57,48,24
82138,58,48,24
82139,59,48,24
82140,0,49,24
82141,1,49,24
82142,2,49,24
82143,3,49,24
82144,4,49,24
82145,5,49,24
82194,54,49,24
82195,55,49,24
82196,56,49,24
82197,57,49,24
82198,58,49,24
82199,59,49,24
82200,0,50,24
82201,1,50,24
82202,2,50,24
82203,3,50,24
82204,4,50,24
82205,5,50,24
82254,54,50,24
82255,55,50,24
82256,56,50,24
82257,57,50,24
82258,58,50,24
82259,59,50,24
82260,0,51,24
82261,1,51,24
82262,2,51,24
82263,3,51,24
82264,4,51,24
82265,5,51,24
82314,54,51,24
82315,55,51,24
82316,56,51,24
82317,57,51,24
82318,58,51,24
82319,59,51,24
82320,0,52,24
82321,1,52,24
82322,2,52,24
82323,3,52,24
82324,4,52,24
82325,5,52,24
82374,54,52,24
82375,55,52,24
82376,56,52,24
82377,57,52,24
82378,58,52,24
82379,59,52,24
82380,0,53,24
82381,1,53,24
82382,2,53,24
82383,3,53,24
82384,4,53,24
82385,5,53,24
82434,54,53,24
82435,55,53,24
82436,56,53,24
82437,57,53,24
82438,58,53,24
82439,59,53,24
82440,0,54,24
82441,1,54,24
82442,2,54,24
82443,3,54,24
82444,4,54,24
82445,5,54,24
82446,6,54,24
82447,7,54,24
82448,8,54,24
82449,9,54,24
82450,10,54,24
82451,11,54,24
82452,12,54,24
82453,13,54,24
82454,14,54,24
82455,15,54,24
82456,16,54,24
82457,17,54,24
82458,18,54,24
82459,19,54,24
82460,20,54,24
82461,21,54,24
82462,22,54,24
82463,23,54,24
82464,24,54,24
82465,25,54,24
82466,26,54,24
82467,27,54,24
82468,28,54,24
82469,29,54,24
82470,30,54,24
82471,31,54,24
82472,32,54,24
82473,33,54,24
82474,34,54,24
82475,35,54,24
82476,36,54,24
82477,37,54,24
82478,38,54,24
82479,39,54,24
82480,40,54,24
82481,41,54,24
82482,42,54,24
82483,43,54,24
82484,44,54,24
82485,45,54,24
82486,46,54,24
82487,47,54,24
82488,48,54,24
82489,49,54,24
82490,50,54,24
82491,51,54,24
82492,52,54,24
82493,53,54,24
82494,54,54,24
82495,55,54,24
82496,56,54,24
82497,57,54,24
82498,58,54,24
82499,59,54,24
